"su_su_no","plot_plot_no","lucs_no","lucs_general_lucc","lucs_general_forest","lucs_general_owl","lucs_general_lucs_accessibility","lucs_general_lucs_accessibility_qualifier","lucs_general_width","lucs_general_width_unit_name","lucs_general_length","lucs_general_length_unit_name","lucs_general_designation_protection_status","lucs_general_designation_protection_status_qualifier","lucs_general_land_tenure_land_ownership","lucs_general_land_tenure_land_ownership_qualifier","lucs_general_land_tenure_management_agreement","lucs_general_land_tenure_management_agreement_qualifier","lucs_general_vegetation_cover_tree_canopy_cover","lucs_general_vegetation_cover_tof_distribution","lucs_general_vegetation_cover_tof_distribution_qualifier","lucs_general_vegetation_cover_trees_expected","lucs_general_vegetation_cover_shrub_cover","lucs_general_vegetation_cover_shrub_height","lucs_general_vegetation_cover_shrub_height_unit_name","lucs_general_vegetation_cover_herbaceous_cover","lucs_general_drainage_water_logging","lucs_general_drainage_filtering_capacity","lucs_general_soil_erosion[1]","lucs_general_soil_erosion_qualifier[1]","lucs_general_soil_erosion[2]","lucs_general_soil_erosion_qualifier[2]","lucs_general_soil_erosion[3]","lucs_general_soil_erosion_qualifier[3]","lucs_general_soil_erosion[4]","lucs_general_soil_erosion_qualifier[4]","lucs_general_soil_erosion[5]","lucs_general_soil_erosion_qualifier[5]","lucs_general_soil_erosion[6]","lucs_general_soil_erosion_qualifier[6]","lucs_general_soil_erosion[7]","lucs_general_soil_erosion_qualifier[7]","lucs_general_soil_erosion[8]","lucs_general_soil_erosion_qualifier[8]","lucs_general_soil_erosion[9]","lucs_general_soil_erosion_qualifier[9]","lucs_general_soil_erosion[10]","lucs_general_soil_erosion_qualifier[10]","lucs_general_soil_erosion[11]","lucs_general_soil_erosion_qualifier[11]","lucs_general_soil_erosion[12]","lucs_general_soil_erosion_qualifier[12]","lucs_general_fire_fire_evidence","lucs_general_fire_fire_area","lucs_general_fire_fire_area_unit_name","lucs_general_fire_fire_type[1]","lucs_general_fire_fire_type[2]","lucs_general_fire_fire_type[3]","lucs_general_fire_fire_type[4]","lucs_general_fire_fire_cause[1]","lucs_general_fire_fire_cause_qualifier[1]","lucs_general_fire_fire_cause[2]","lucs_general_fire_fire_cause_qualifier[2]","lucs_general_fire_fire_cause[3]","lucs_general_fire_fire_cause_qualifier[3]","lucs_general_fire_fire_cause[4]","lucs_general_fire_fire_cause_qualifier[4]","lucs_general_wildlife_wildlife_disturbance","lucs_forest_owl_stand_origin","lucs_forest_owl_stand_structure","lucs_forest_owl_management_plan","lucs_forest_owl_forest_ownership","lucs_forest_owl_forest_ownership_qualifier","lucs_forest_owl_human_disturbance","lucs_forest_owl_disturbance_type","lucs_forest_owl_disturbance_type_qualifier","lucs_forest_owl_timber_exploit[1]","lucs_forest_owl_timber_exploit_qualifier[1]","lucs_forest_owl_timber_exploit[2]","lucs_forest_owl_timber_exploit_qualifier[2]","lucs_forest_owl_timber_exploit[3]","lucs_forest_owl_timber_exploit_qualifier[3]","lucs_forest_owl_timber_exploit[4]","lucs_forest_owl_timber_exploit_qualifier[4]","lucs_forest_owl_stumps_removal","lucs_forest_owl_branches_top_removal","lucs_forest_owl_silviculture[1]","lucs_forest_owl_silviculture_qualifier[1]","lucs_forest_owl_silviculture[2]","lucs_forest_owl_silviculture_qualifier[2]","lucs_forest_owl_silviculture[3]","lucs_forest_owl_silviculture_qualifier[3]","lucs_forest_owl_silviculture[4]","lucs_forest_owl_silviculture_qualifier[4]","lucs_forest_owl_silviculture[5]","lucs_forest_owl_silviculture_qualifier[5]","lucs_forest_owl_silviculture[6]","lucs_forest_owl_silviculture_qualifier[6]","lucs_forest_owl_silviculture[7]","lucs_forest_owl_silviculture_qualifier[7]","lucs_forest_owl_silviculture[8]","lucs_forest_owl_silviculture_qualifier[8]","lucs_forest_owl_silviculture[9]","lucs_forest_owl_silviculture_qualifier[9]","lucs_forest_owl_silviculture[10]","lucs_forest_owl_silviculture_qualifier[10]","lucs_forest_owl_logging_technology[1]","lucs_forest_owl_logging_technology_qualifier[1]","lucs_forest_owl_logging_technology[2]","lucs_forest_owl_logging_technology_qualifier[2]","lucs_forest_owl_logging_technology[3]","lucs_forest_owl_logging_technology_qualifier[3]","lucs_forest_owl_logging_technology[4]","lucs_forest_owl_logging_technology_qualifier[4]","lucs_forest_owl_logging_technology[5]","lucs_forest_owl_logging_technology_qualifier[5]","lucs_forest_owl_logging_technology[6]","lucs_forest_owl_logging_technology_qualifier[6]","lucs_crop_soil_water_conservation[1]","lucs_crop_soil_water_conservation_qualifier[1]","lucs_crop_soil_water_conservation[2]","lucs_crop_soil_water_conservation_qualifier[2]","lucs_crop_soil_water_conservation[3]","lucs_crop_soil_water_conservation_qualifier[3]","lucs_crop_grazing_grazing_intensity","lucs_crop_grazing_grazing_quality","lucs_crop_grazing_grazing_quality_trend","lucs_notes"
"0434","1","1","OCA","false","false","0","","20.0","","250.0","","6","","1","","1","","1","1","","3","1","3.0","","2","4","3","0","","","","","","","","","","","","","","","","","","","","","","","","0","","","","","","","","","","","","","","","0","","","","","","","","","","","","","","","","","","","","","","","","","","","","","","","","","","","","","","","","","","","","","","","","","","","90","","","","","","false","0","0",""
"0434","2","1","OCA","false","false","0","","20.0","","190.0","","6","","1","","1","","1","1","","2","2","3.0","","2","4","3","0","","","","","","","","","","","","","","","","","","","","","","","","0","","","","","","","","","","","","","","","0","","","","","","","","","","","","","","","","","","","","","","","","","","","","","","","","","","","","","","","","","","","","","","","","","","","90","","","","","","true","2","3",""
"0434","2","2","WG","false","true","0","","20.0","","60.0","","3","","1","","1","","1","1","","3","2","5.0","","2","4","3","0","","","","","","","","","","","","","","","","","","","","","","","","0","","","","","","","","","","","","","","","0","N","0","90","1","","0","0","","0","","","","","","","","false","false","0","","","","","","","","","","","","","","","","","","","","0","","","","","","","","","","","","","","","","","","","","",""
"0434","3","1","WG","false","true","0","","20.0","","250.0","","3","","3","","2","","0","1","","2","4","4.0","","3","4","2","0","","","","","","","","","","","","","","","","","","","","","","","","0","","","","","","","","","","","","","","","0","N","0","90","3","","0","0","","0","","","","","","","","false","false","0","","","","","","","","","","","","","","","","","","","","0","","","","","","","","","","","","","","","","","","","","",""
"0434","4","1","OCA","false","false","0","","20.0","","250.0","","6","","1","","1","","1","1","","2","3","3.0","","3","4","3","0","","","","","","","","","","","","","","","","","","","","","","","","0","","","","","","","","","","","","","","","0","","","","","","","","","","","","","","","","","","","","","","","","","","","","","","","","","","","","","","","","","","","","","","","","","","","5","","","","","","false","0","0",""
"0928","1","1","FSD","true","false","0","","20.0","","250.0","","8","","1","","1","","3","0","","3","2","3.0","","3","4","3","0","","","","","","","","","","","","","","","","","","","","","","","","0","","","","","","","","","","","","","","","0","N","1","0","1","","0","","","","","","","","","","","","","","","","","","","","","","","","","","","","","","","","","","","","","","","","","","","","","","","","","","","","","",""
"0928","2","1","FSD","true","false","0","","20.0","","250.0","","8","","1","","1","","3","0","","3","2","3.0","","2","4","3","0","","","","","","","","","","","","","","","","","","","","","","","","0","","","","","","","","","","","","","","","0","N","1","0","1","","0","0","","0","","","","","","","","false","false","0","","","","","","","","","","","","","","","","","","","","0","","","","","","","","","","","","","","","","","","","","",""
"0928","3","1","FSD","true","false","0","","20.0","","250.0","","8","","1","","1","","3","0","","3","2","2.0","","3","4","2","0","","","","","","","","","","","","","","","","","","","","","","","","0","","","","","","","","","","","","","","","0","N","1","0","1","","0","0","","0","","","","","","","","false","false","0","","","","","","","","","","","","","","","","","","","","0","","","","","","","","","","","","","","","","","","","","",""
"0928","4","1","FSD","true","false","0","","20.0","","250.0","","8","","3","","2","","3","0","","3","2","3.0","","3","4","2","0","","","","","","","","","","","","","","","","","","","","","","","","0","","","","","","","","","","","","","","","0","N","1","0","3","","0","0","","0","","","","","","","","false","true","0","","","","","","","","","","","","","","","","","","","","0","","","","","","","","","","","","","","","","","","","","",""
"0689","1","1","FSD","true","false","0","","20.0","","250.0","","8","","3","","2","","4","0","","3","3","3.0","","3","4","2","0","","","","","","","","","","","","","","","","","","","","","","","","2","600","","2","","","","90","","","","","","","","0","N","1","0","3","","1","0","","0","","","","","","","","false","false","0","","","","","","","","","","","","","","","","","","","","0","","","","","","","","","","","","","","","","","","","","",""
"0689","2","1","FSD","true","false","0","","20.0","","250.0","","8","","3","","2","","5","0","","3","3","2.0","","3","4","2","0","","","","","","","","","","","","","","","","","","","","","","","","2","1000","","2","","","","90","","","","","","","","0","N","1","0","3","","0","0","","0","","","","","","","","false","false","0","","","","","","","","","","","","","","","","","","","","0","","","","","","","","","","","","","","","","","","","","",""
"0689","3","1","FSD","true","false","0","","20.0","","250.0","","8","","3","","2","","3","0","","3","2","2.0","","4","4","3","0","","","","","","","","","","","","","","","","","","","","","","","","2","5000","","2","","","","0","","","","","","","","1","N","1","90","3","","1","1","","0","","","","","","","","false","false","0","","","","","","","","","","","","","","","","","","","","0","","","","","","","","","","","","","","","","","","","","",""
"0689","4","1","FSD","true","false","0","","20.0","","250.0","","8","","3","","2","","4","0","","3","2","2.0","","3","4","2","0","","","","","","","","","","","","","","","","","","","","","","","","2","400","","2","","","","90","","","","","","","","0","N","1","0","3","","0","0","","0","","","","","","","","false","false","0","","","","","","","","","","","","","","","","","","","","0","","","","","","","","","","","","","","","","","","","","",""
"0692","2","1","FD","true","false","0","","20.0","","250.0","","8","","5","","1","","4","0","","3","1","2.0","","4","4","1","0","","","","","","","","","","","","","","","","","","","","","","","","0","","","","","","","","","","","","","","","0","N","1","0","5","","0","0","","0","","","","","","","","false","false","0","","","","","","","","","","","","","","","","","","","","0","","","","","","","","","","","","","","","","","","","","",""
"0692","3","1","FD","true","false","0","","20.0","","250.0","","8","","5","","1","","4","0","","3","1","2.0","","4","4","2","0","","","","","","","","","","","","","","","","","","","","","","","","0","","","","","","","","","","","","","","","0","N","1","0","5","","0","0","","0","","","","","","","","false","false","0","","","","","","","","","","","","","","","","","","","","0","","","","","","","","","","","","","","","","","","","","",""
"0692","4","1","FD","true","false","0","","20.0","","250.0","","8","","5","","1","","4","0","","3","1","3.0","","4","4","2","0","","","","","","","","","","","","","","","","","","","","","","","","0","","","","","","","","","","","","","","","0","N","1","0","5","","0","0","","0","","","","","","","","false","false","0","","","","","","","","","","","","","","","","","","","","0","","","","","","","","","","","","","","","","","","","","",""
"0692","1","1","FD","true","false","0","","20.0","","250.0","","8","","5","","1","","4","0","","3","0","","","4","3","2","0","","","","","","","","","","","","","","","","","","","","","","","","0","","","","","","","","","","","","","","","0","N","1","0","5","","0","0","","0","","","","","","","","false","false","0","","","","","","","","","","","","","","","","","","","","0","","","","","","","","","","","","","","","","","","","","",""
"0695","1","1","FSD","true","false","0","","20.0","","250.0","","8","","5","","1","","4","0","","3","0","","","2","4","1","0","","","","","","","","","","","","","","","","","","","","","","","","1","200","","2","","","","90","","","","","","","","1","N","1","0","5","","0","0","","0","","","","","","","","false","false","0","","","","","","","","","","","","","","","","","","","","0","","","","","","","","","","","","","","","","","","","","",""
"0695","2","1","FSD","true","false","0","","20.0","","250.0","","8","","3","","1","","4","0","","3","0","","","3","4","2","0","","","","","","","","","","","","","","","","","","","","","","","","0","","","","","","","","","","","","","","","0","N","1","0","1","","0","0","","0","","","","","","","","false","false","0","","","","","","","","","","","","","","","","","","","","0","","","","","","","","","","","","","","","","","","","","",""
"0695","3","1","FSD","true","false","0","","20.0","","250.0","","3","","5","","1","","4","0","","3","1","3.0","","2","4","1","0","","","","","","","","","","","","","","","","","","","","","","","","0","","","","","","","","","","","","","","","0","N","1","0","5","","0","0","","0","","","","","","","","false","false","0","","","","","","","","","","","","","","","","","","","","0","","","","","","","","","","","","","","","","","","","","",""
"0695","4","1","FSD","true","false","0","","20.0","","250.0","","8","","5","","1","","4","0","","3","0","","","1","4","2","0","","","","","","","","","","","","","","","","","","","","","","","","0","","","","","","","","","","","","","","","0","N","1","0","5","","0","0","","0","","","","","","","","false","false","0","","","","","","","","","","","","","","","","","","","","0","","","","","","","","","","","","","","","","","","","","",""
"0543","1","1","OCA","false","false","0","","20.0","","250.0","","6","","1","","1","","1","0","","2","0","","","0","4","1","0","","","","","","","","","","","","","","","","","","","","","","","","0","","","","","","","","","","","","","","","0","","","","","","","","","","","","","","","","","","","","","","","","","","","","","","","","","","","","","","","","","","","","","","","","","","","90","","","","","","true","2","3",""
"0543","2","1","OCA","false","false","0","","20.0","","250.0","","6","","1","","1","","0","0","","1","0","","","1","4","1","0","","","","","","","","","","","","","","","","","","","","","","","","0","","","","","","","","","","","","","","","0","","","","","","","","","","","","","","","","","","","","","","","","","","","","","","","","","","","","","","","","","","","","","","","","","","","90","","","","","","true","0","0",""
"0543","3","1","OCA","false","false","0","","20.0","","250.0","","6","","1","","1","","0","0","","1","0","","","1","4","1","0","","","","","","","","","","","","","","","","","","","","","","","","0","","","","","","","","","","","","","","","0","","","","","","","","","","","","","","","","","","","","","","","","","","","","","","","","","","","","","","","","","","","","","","","","","","","90","","","","","","true","1","2",""
"0543","4","1","OCA","false","false","0","","20.0","","250.0","","6","","1","","1","","0","0","","1","0","","","1","4","1","0","","","","","","","","","","","","","","","","","","","","","","","","0","","","","","","","","","","","","","","","0","","","","","","","","","","","","","","","","","","","","","","","","","","","","","","","","","","","","","","","","","","","","","","","","","","","90","","","","","","true","2","2",""
"0960","1","1","FSD","true","false","0","","20.0","","250.0","","3","","6","","2","","3","0","","3","0","","","3","4","1","0","","","","","","","","","","","","","","","","","","","","","","","","0","","","","","","","","","","","","","","","0","N","1","90","3","","1","3","","0","","","","","","","","false","true","0","","","","","","","","","","","","","","","","","","","","0","","","","","","","","","","","","","","","","","","","","",""
"0960","2","1","FSD","true","false","0","","20.0","","250.0","","3","","3","","2","","3","0","","3","0","","","3","4","1","0","","","","","","","","","","","","","","","","","","","","","","","","0","","","","","","","","","","","","","","","0","N","1","90","3","","1","3","","0","","","","","","","","false","true","0","","","","","","","","","","","","","","","","","","","","0","","","","","","","","","","","","","","","","","","","","",""
"0960","3","1","FSD","true","false","0","","20.0","","250.0","","8","","3","","2","","3","0","","3","0","","","2","4","2","0","","","","","","","","","","","","","","","","","","","","","","","","0","","","","","","","","","","","","","","","0","N","1","90","3","","1","0","","0","","","","","","","","false","false","0","","","","","","","","","","","","","","","","","","","","0","","","","","","","","","","","","","","","","","","","","",""
"0960","4","1","FSD","true","false","0","","20.0","","250.0","","8","","3","","2","","3","0","","3","0","","","3","4","2","0","","","","","","","","","","","","","","","","","","","","","","","","0","","","","","","","","","","","","","","","0","N","1","90","3","","0","0","","0","","","","","","","","false","false","0","","","","","","","","","","","","","","","","","","","","0","","","","","","","","","","","","","","","","","","","","",""
"0797","1","1","WG","false","true","0","","20.0","","250.0","","3","","3","","2","","1","0","","3","1","1.5","","2","4","2","0","","","","","","","","","","","","","","","","","","","","","","","","0","","","","","","","","","","","","","","","0","N","0","90","3","","1","3","","0","","","","","","","","false","false","0","","","","","","","","","","","","","","","","","","","","0","","","","","","","","","","","","","","","","","","","","",""
"0797","2","1","WG","false","true","0","","20.0","","250.0","","3","","3","","2","","1","0","","3","1","2.0","","1","4","2","0","","","","","","","","","","","","","","","","","","","","","","","","0","","","","","","","","","","","","","","","0","N","0","90","3","","0","0","","0","","","","","","","","false","false","0","","","","","","","","","","","","","","","","","","","","0","","","","","","","","","","","","","","","","","","","","",""
"0797","3","1","WG","false","true","0","","20.0","","250.0","","3","","3","","2","","1","0","","1","1","2.0","","1","4","2","12","","","","","","","","","","","","","","","","","","","","","","","","0","","","","","","","","","","","","","","","0","N","0","90","3","","1","3","","0","","","","","","","","false","false","0","","","","","","","","","","","","","","","","","","","","0","","","","","","","","","","","","","","","","","","","","",""
"0797","4","1","WG","false","true","0","","20.0","","250.0","","3","","3","","2","","1","0","","1","0","","","1","4","2","12","","","","","","","","","","","","","","","","","","","","","","","","0","","","","","","","","","","","","","","","0","N","0","90","3","","1","3","","0","","","","","","","","false","false","0","","","","","","","","","","","","","","","","","","","","0","","","","","","","","","","","","","","","","","","","","",""
"0902","4","1","FSD","true","false","0","","20.0","","250.0","","8","","3","","2","","3","0","","3","0","","","2","4","2","0","","","","","","","","","","","","","","","","","","","","","","","","0","","","","","","","","","","","","","","","0","N","1","0","3","","0","0","","0","","","","","","","","false","false","0","","","","","","","","","","","","","","","","","","","","0","","","","","","","","","","","","","","","","","","","","",""
"0902","1","1","FSD","true","false","0","","20.0","","250.0","","8","","3","","2","","3","0","","1","1","2.0","","2","4","2","0","","","","","","","","","","","","","","","","","","","","","","","","0","","","","","","","","","","","","","","","0","","","","","","","","","","","","","","","","","","","","","","","","","","","","","","","","","","","","","","","","","","","","","","","","","","","","","","","","","","","",""
"0902","2","1","FSD","true","false","0","","20.0","","250.0","","8","","3","","2","","3","0","","3","1","2.0","","3","4","2","0","","","","","","","","","","","","","","","","","","","","","","","","0","","","","","","","","","","","","","","","0","","","","","","","","","","","","","","","","","","","","","","","","","","","","","","","","","","","","","","","","","","","","","","","","","","","","","","","","","","","",""
"0902","3","1","FD","true","false","0","","20.0","","250.0","","8","","3","","2","","4","0","","3","0","","","2","4","2","","","","","","","","","","","","","","","","","","","","","","","","","","","","","","","","","","","","","","","","","","","","","","","","","","","","","","","","","","","","","","","","","","","","","","","","","","","","","","","","","","","","","","","","","","","","","","","","","","","",""
"0433","1","1","WG","false","true","0","","20.0","","250.0","","4","","1","","1","","3","1","","3","2","2.0","","2","4","3","12","","","","","","","","","","","","","","","","","","","","","","","","0","","","","","","","","","","","","","","","0","N","0","90","1","","1","1","","0","","","","","","","","false","false","0","","","","","","","","","","","","","","","","","","","","0","","","","","","","","","","","","","","","","","","","","",""
"0433","2","1","OCA","false","false","0","","20.0","","95.0","","6","","1","","1","","1","1","","3","0","","","1","4","3","12","","","","","","","","","","","","","","","","","","","","","","","","0","","","","","","","","","","","","","","","0","","","","","","","","","","","","","","","","","","","","","","","","","","","","","","","","","","","","","","","","","","","","","","","","","","","5","","","","","","false","0","0",""
"0433","2","2","WG","false","true","0","","20.0","","155.0","","3","","1","","1","","2","1","","3","2","2.0","","2","4","3","12","","","","","","","","","","","","","","","","","","","","","","","","0","","","","","","","","","","","","","","","0","N","0","90","1","","1","1","","0","","","","","","","","false","false","0","","","","","","","","","","","","","","","","","","","","0","","","","","","","","","","","","","","","","","","","","",""
"0433","3","1","WG","false","true","0","","20.0","","174.0","","3","","1","","1","","1","1","","3","3","3.0","","2","4","3","12","","","","","","","","","","","","","","","","","","","","","","","","0","","","","","","","","","","","","","","","0","N","0","90","1","","2","3","","0","","","","","","","","false","false","0","","","","","","","","","","","","","","","","","","","","0","","","","","","","","","","","","","","","","","","","","",""
"0433","3","2","OCA","false","false","0","","20.0","","76.0","","6","","1","","1","","1","1","","3","0","","","1","4","3","12","","","","","","","","","","","","","","","","","","","","","","","","0","","","","","","","","","","","","","","","0","","","","","","","","","","","","","","","","","","","","","","","","","","","","","","","","","","","","","","","","","","","","","","","","","","","90","","","","","","false","0","0",""
"0433","4","1","WG","false","true","0","","20.0","","250.0","","3","","1","","1","","1","1","","2","1","2.0","","2","4","3","12","","","","","","","","","","","","","","","","","","","","","","","","0","","","","","","","","","","","","","","","0","N","0","90","1","","1","1","","0","","","","","","","","false","false","0","","","","","","","","","","","","","","","","","","","","0","","","","","","","","","","","","","","","","","","","","",""
"0645","1","1","FD","true","false","0","","20.0","","250.0","","8","","5","","1","","4","0","","3","0","","","4","4","1","0","","","","","","","","","","","","","","","","","","","","","","","","0","","","","","","","","","","","","","","","0","N","1","0","5","","0","","","0","","","","","","","","false","","0","","","","","","","","","","","","","","","","","","","","0","","","","","","","","","","","","","","","","","","","","",""
"0645","2","1","FSD","true","false","0","","20.0","","250.0","","8","","5","","1","","4","0","","3","0","","","4","4","1","0","","","","","","","","","","","","","","","","","","","","","","","","0","","","","","","","","","","","","","","","0","","","","","","","","","","","","","","","","","","","","","","","","","","","","","","","","","","","","","","","","","","","","","","","","","","","","","","","","","","","",""
"0645","3","1","FD","true","false","0","","20.0","","250.0","","","","","","1","","4","","","3","0","","","4","4","1","0","","","","","","","","","","","","","","","","","","","","","","","","0","","","","","","","","","","","","","","","0","N","1","1","5","","0","0","","0","","","","","","","","false","false","0","","","","","","","","","","","","","","","","","","","","0","","","","","","","","","","","","","","","","","","","","",""
"0645","4","1","FD","true","false","0","","20.0","","250.0","","8","","","","","","4","0","","3","0","","","4","4","1","0","","","","","","","","","","","","","","","","","","","","","","","","0","","","","","","","","","","","","","","","0","","","","","","","","","","","","","","","","","","","","","","","","","","","","","","","","","","","","","","","","","","","","","","","","","","","","","","","","","","","",""
"0978","1","1","FSD","true","false","0","","20.0","","250.0","","3","","3","","2","","5","0","","3","1","4.0","","1","4","1","0","","","","","","","","","","","","","","","","","","","","","","","","2","5000","","2","","","","90","","","","","","","","0","N","1","0","3","","0","0","","0","","","","","","","","false","true","0","","","","","","","","","","","","","","","","","","","","0","","","","","","","","","","","","","","","","","","","","",""
"0978","2","1","FSD","true","false","0","","20.0","","250.0","","8","","3","","1","","4","0","","3","1","3.0","","1","4","2","0","","","","","","","","","","","","","","","","","","","","","","","","2","500","","2","","","","90","","","","","","","","0","N","1","0","3","","0","0","","0","","","","","","","","false","false","0","","","","","","","","","","","","","","","","","","","","0","","","","","","","","","","","","","","","","","","","","",""
"0978","3","1","FSD","true","false","0","","20.0","","250.0","","8","","3","","2","","4","0","","3","0","","","2","4","1","0","","","","","","","","","","","","","","","","","","","","","","","","2","5000","","2","","","","90","","","","","","","","1","N","1","0","3","","0","0","","0","","","","","","","","false","true","0","","","","","","","","","","","","","","","","","","","","0","","","","","","","","","","","","","","","","","","","","",""
"0978","4","1","FSD","true","false","0","","20.0","","250.0","","8","","3","","2","","4","0","","3","0","","","2","4","2","0","","","","","","","","","","","","","","","","","","","","","","","","2","5000","","2","","","","90","","","","","","","","1","N","1","0","3","","0","0","","0","","","","","","","","false","false","0","","","","","","","","","","","","","","","","","","","","0","","","","","","","","","","","","","","","","","","","","",""
"0953","2","1","FSD","true","false","0","","20.0","","250.0","","3","","3","","2","","4","0","","3","3","4.0","","3","4","2","0","","","","","","","","","","","","","","","","","","","","","","","","0","","","","","","","","","","","","","","","0","N","1","0","3","","0","0","","0","","","","","","","","false","false","0","","","","","","","","","","","","","","","","","","","","0","","","","","","","","","","","","","","","","","","","","",""
"0953","3","1","FSD","true","false","0","","20.0","","250.0","","3","","3","","2","","3","0","","3","2","4.0","","3","4","2","0","","","","","","","","","","","","","","","","","","","","","","","","0","","","","","","","","","","","","","","","0","N","0","0","3","","0","0","","0","","","","","","","","false","false","0","","","","","","","","","","","","","","","","","","","","0","","","","","","","","","","","","","","","","","","","","",""
"0953","4","1","FSD","true","false","0","","20.0","","250.0","","3","","3","","2","","4","0","","3","2","4.0","","4","5","3","0","","","","","","","","","","","","","","","","","","","","","","","","0","","","","","","","","","","","","","","","0","N","1","0","3","","1","1","","0","","","","","","","","false","false","0","","","","","","","","","","","","","","","","","","","","0","","","","","","","","","","","","","","","","","","","","",""
"0953","1","1","FSD","true","false","0","","20.0","","250.0","","3","","3","","2","","3","0","","3","2","3.0","","2","4","2","0","","","","","","","","","","","","","","","","","","","","","","","","0","","","","","","","","","","","","","","","0","N","1","0","3","","0","0","","0","","","","","","","","false","false","0","","","","","","","","","","","","","","","","","","","","0","","","","","","","","","","","","","","","","","","","","",""
"0622","1","1","OCA","false","false","0","","20.0","","250.0","","8","","1","","1","","1","1","","1","0","","","2","4","2","0","","","","","","","","","","","","","","","","","","","","","","","","0","","","","","","","","","","","","","","","0","","","","","","","","","","","","","","","","","","","","","","","","","","","","","","","","","","","","","","","","","","","","","","","","","","","0","","","","","","false","0","0",""
"0622","2","1","OCA","false","false","0","","20.0","","250.0","","6","","1","","1","","1","1","","1","0","","","1","4","2","0","","","","","","","","","","","","","","","","","","","","","","","","1","600","","2","","","","4","","","","","","","","1","","","","","","","","","","","","","","","","","","","","","","","","","","","","","","","","","","","","","","","","","","","","","","","","","","","0","","90","","","","false","0","0",""
"0622","3","1","FSD","true","false","0","","20.0","","250.0","","3","","1","","1","","2","0","","3","0","","","2","4","1","0","","","","","","","","","","","","","","","","","","","","","","","","0","","","","","","","","","","","","","","","0","N","1","0","1","","2","1","","0","","","","","","","","true","true","0","","","","","","","","","","","","","","","","","","","","0","","","","","","","","","","","","","","","","","","","","",""
"0622","4","1","OCA","false","false","0","","20.0","","250.0","","8","","1","","1","","1","1","","1","0","","","1","4","2","0","","","","","","","","","","","","","","","","","","","","","","","","0","","","","","","","","","","","","","","","0","","","","","","","","","","","","","","","","","","","","","","","","","","","","","","","","","","","","","","","","","","","","","","","","","","","90","","","","","","false","0","0",""
"0799","2","1","OCA","false","false","0","","20.0","","250.0","","6","","1","","1","","1","0","","3","2","1.5","","2","4","2","0","","","","","","","","","","","","","","","","","","","","","","","","0","","","","","","","","","","","","","","","0","P","","","","","","","","","","","","","","","","","","","","","","","","","","","","","","","","","","","","","","","","","","","","","","","","","","90","","","","","","true","2","2","Land use its annual crops"
"0799","3","1","OCA","false","false","0","","20.0","","250.0","","6","","1","","1","","1","1","","1","0","","","1","4","2","0","","","","","","","","","","","","","","","","","","","","","","","","0","","","","","","","","","","","","","","","0","","","","","","","","","","","","","","","","","","","","","","","","","","","","","","","","","","","","","","","","","","","","","","","","","","","0","","","","","","true","2","2",""
"0799","4","1","OB","false","false","99","build up area","20.0","","250.0","","6","","1","","1","","3","0","","3","0","","","0","4","3","0","","","","","","","","","","","","","","","","","","","","","","","","0","","","","","","","","","","","","","","","0","","","","","","","","","","","","","","","","","","","","","","","","","","","","","","","","","","","","","","","","","","","","","","","","","","","0","","","","","","false","0","0","It's built up area"
"0799","1","1","OB","false","false","99","it's build up area","20.0","","250.0","","90","","1","","1","","0","0","","1","0","2.5","","0","0","0","0","","","","","","","","","","","","","","","","","","","","","","","","0","","","","","","","","","","","","","","","0","","","","","","","","","","","","","","","","","","","","","","","","","","","","","","","","","","","","","","","","","","","","","","","","","","","0","","","","","","false","0","0","It's  built up area"
"0910","3","1","FSD","true","false","0","","20.0","","250.0","","8","","1","","1","","2","0","","3","0","","","1","4","2","0","","","","","","","","","","","","","","","","","","","","","","","","1","5000","","2","","","","90","","","","","","","","0","N","1","0","1","","1","1","","0","","","","","","","","false","true","0","","","","","","","","","","","","","","","","","","","","0","","","","","","","","","","","","","","","","","","","","",""
"0910","4","1","FSD","true","false","0","","20.0","","250.0","","8","","1","","1","","3","0","","3","3","3.0","","2","4","2","0","","","","","","","","","","","","","","","","","","","","","","","","1","2500","","2","","","","90","","","","","","","","0","N","2","0","1","","1","1","","0","","","","","","","","false","true","0","","","","","","","","","","","","","","","","","","","","0","","","","","","","","","","","","","","","","","","","","","There regeneration of acacia sehegalensis  and Acadia seyal"
"0871","1","1","FSD","true","false","0","","20.0","","250.0","","8","","3","","2","","4","0","","3","3","3.0","","2","4","1","0","","","","","","","","","","","","","","","","","","","","","","","","0","","","","","","","","","","","","","","","0","N","1","90","3","","0","0","","0","","","","","","","","false","false","0","","","","","","","","","","","","","","","","","","","","0","","","","","","","","","","","","","","","","","","","","",""
"0871","2","1","FSD","true","false","0","","20.0","","250.0","","8","","3","","4","","4","0","","3","3","4.0","","2","4","1","0","","","","","","","","","","","","","","","","","","","","","","","","0","","","","","","","","","","","","","","","0","N","1","0","3","","0","0","","0","","","","","","","","false","false","0","","","","","","","","","","","","","","","","","","","","0","","","","","","","","","","","","","","","","","","","","",""
"0871","3","1","FSD","true","false","0","","20.0","","250.0","","3","","3","","1","","3","0","","3","3","3.0","","3","4","2","0","","","","","","","","","","","","","","","","","","","","","","","","0","","","","","","","","","","","","","","","0","N","1","90","3","","1","2","","0","","","","","","","","false","true","0","","","","","","","","","","","","","","","","","","","","0","","","","","","","","","","","","","","","","","","","","",""
"0871","4","1","FSD","true","false","0","","20.0","","250.0","","3","","3","","1","","4","0","","3","3","3.0","","2","4","2","0","","","","","","","","","","","","","","","","","","","","","","","","0","","","","","","","","","","","","","","","0","N","1","90","3","","1","2","","0","","","","","","","","false","true","0","","","","","","","","","","","","","","","","","","","","0","","","","","","","","","","","","","","","","","","","","",""
"0613","1","1","FSD","true","false","0","","20.0","","250.0","","8","","3","","2","","4","0","","3","3","3.0","","2","4","1","0","","","","","","","","","","","","","","","","","","","","","","","","0","","","","","","","","","","","","","","","0","N","1","0","3","","0","0","","0","","","","","","","","false","true","0","","","","","","","","","","","","","","","","","","","","0","","","","","","","","","","","","","","","","","","","","",""
"0613","2","1","FSD","true","false","0","","20.0","","250.0","","8","","3","","2","","4","0","","3","3","3.0","","1","4","1","0","","","","","","","","","","","","","","","","","","","","","","","","0","","","","","","","","","","","","","","","0","N","1","0","3","","0","0","","0","","","","","","","","false","false","0","","","","","","","","","","","","","","","","","","","","0","","","","","","","","","","","","","","","","","","","","",""
"0613","3","1","FSD","true","false","0","","20.0","","250.0","","8","","3","","2","","4","0","","3","3","3.0","","2","4","1","0","","","","","","","","","","","","","","","","","","","","","","","","0","","","","","","","","","","","","","","","0","N","1","0","3","","0","0","","0","","","","","","","","false","true","0","","","","","","","","","","","","","","","","","","","","0","","","","","","","","","","","","","","","","","","","","",""
"0613","4","1","FSD","true","false","0","","20.0","","250.0","","8","","3","","2","","3","0","","3","3","3.0","","2","4","1","0","","","","","","","","","","","","","","","","","","","","","","","","0","","","","","","","","","","","","","","","0","N","0","90","3","","0","0","","0","","","","","","","","false","false","0","","","","","","","","","","","","","","","","","","","","0","","","","","","","","","","","","","","","","","","","","",""
"0522","1","1","OCA","false","false","0","","20.0","","250.0","","6","","1","","1","","1","1","","2","0","","","1","4","2","0","","","","","","","","","","","","","","","","","","","","","","","","0","","","","","","","","","","","","","","","0","","","","","","","","","","","","","","","","","","","","","","","","","","","","","","","","","","","","","","","","","","","","","","","","","","","90","","","","","","true","2","2",""
"0522","2","1","OCA","false","false","0","","20.0","","250.0","","6","","1","","1","","1","1","","2","0","","","1","4","2","0","","","","","","","","","","","","","","","","","","","","","","","","0","","","","","","","","","","","","","","","0","","","","","","","","","","","","","","","","","","","","","","","","","","","","","","","","","","","","","","","","","","","","","","","","","","","90","","","","","","true","2","3",""
"0522","3","1","WG","false","true","0","","20.0","","250.0","","6","","1","","1","","1","0","","3","2","3.0","","1","4","2","0","","","","","","","","","","","","","","","","","","","","","","","","0","","","","","","","","","","","","","","","0","N","1","90","1","","2","1","","0","","","","","","","","false","false","0","","","","","","","","","","","","","","","","","","","","0","","","","","","","","","","","","","","","","","","","","",""
"0522","4","1","OCA","false","false","0","","20.0","","250.0","","6","","1","","1","","1","1","","3","0","","","1","4","2","0","","","","","","","","","","","","","","","","","","","","","","","","0","","","","","","","","","","","","","","","0","","","","","","","","","","","","","","","","","","","","","","","","","","","","","","","","","","","","","","","","","","","","","","","","","","","90","","","","","","true","2","3",""
"0640","1","1","FSD","true","false","0","","20.0","","250.0","","8","","3","","2","","4","0","","3","2","2.0","","3","4","2","0","","","","","","","","","","","","","","","","","","","","","","","","0","","","","","","","","","","","","","","","0","","","","","","","","","","","","","","","","","","","","","","","","","","","","","","","","","","","","","","","","","","","","","","","","","","","","","","","","","","","",""
"0640","2","1","FSD","true","false","0","","20.0","","250.0","","8","","1","","1","","3","0","","3","1","2.0","","2","4","2","0","","","","","","","","","","","","","","","","","","","","","","","","0","","","","","","","","","","","","","","","0","N","1","0","1","","0","0","","0","","","","","","","","false","false","0","","","","","","","","","","","","","","","","","","","","0","","","","","","","","","","","","","","","","","","","","",""
"0640","3","1","FSD","true","false","0","","20.0","","250.0","","8","","1","","1","","3","0","","3","1","2.0","","2","4","2","0","","","","","","","","","","","","","","","","","","","","","","","","0","","","","","","","","","","","","","","","0","N","1","0","1","","0","0","","0","","","","","","","","false","false","0","","","","","","","","","","","","","","","","","","","","0","","","","","","","","","","","","","","","","","","","","",""
"0640","4","1","FSD","true","false","0","","20.0","","250.0","","8","","1","","1","","3","0","","3","1","2.0","","2","4","2","0","","","","","","","","","","","","","","","","","","","","","","","","0","","","","","","","","","","","","","","","0","N","1","0","1","","0","0","","0","","","","","","","","false","false","0","","","","","","","","","","","","","","","","","","","","0","","","","","","","","","","","","","","","","","","","","",""
"0567","3","1","OCA","false","false","0","","20.0","","250.0","","6","","1","","1","","1","1","","1","0","","","1","4","1","0","","","","","","","","","","","","","","","","","","","","","","","","0","","","","","","","","","","","","","","","0","","","","","","","","","","","","","","","","","","","","","","","","","","","","","","","","","","","","","","","","","","","","","","","","","","","90","","","","","","true","2","2",""
"0567","4","1","OCA","false","false","0","","20.0","","250.0","","6","","1","","1","","1","1","","1","0","","","1","4","1","0","","","","","","","","","","","","","","","","","","","","","","","","0","","","","","","","","","","","","","","","0","","","","","","","","","","","","","","","","","","","","","","","","","","","","","","","","","","","","","","","","","","","","","","","","","","","90","","","","","","true","2","3",""
"0567","1","1","OCA","false","false","0","","20.0","","250.0","","6","","1","","1","","1","1","","2","0","","","1","4","2","0","","","","","","","","","","","","","","","","","","","","","","","","0","","","","","","","","","","","","","","","0","","","","","","","","","","","","","","","","","","","","","","","","","","","","","","","","","","","","","","","","","","","","","","","","","","","90","","","","","","true","2","3",""
"0567","2","1","OCA","false","false","0","","20.0","","250.0","","6","","1","","1","","2","1","","3","0","","","1","4","2","0","","","","","","","","","","","","","","","","","","","","","","","","0","","","","","","","","","","","","","","","0","","","","","","","","","","","","","","","","","","","","","","","","","","","","","","","","","","","","","","","","","","","","","","","","","","","90","","","","","","true","2","2",""
"0435","1","1","OCA","false","false","0","","20.0","","250.0","","6","","1","","1","","2","1","","3","2","2.0","","3","4","3","0","","","","","","","","","","","","","","","","","","","","","","","","0","","","","","","","","","","","","","","","0","","","","","","","","","","","","","","","","","","","","","","","","","","","","","","","","","","","","","","","","","","","","","","","","","","","5","","","","","","true","1","2",""
"0435","2","1","OCA","false","false","0","","20.0","","250.0","","6","","1","","1","","1","0","","3","1","1.5","","3","4","3","0","","","","","","","","","","","","","","","","","","","","","","","","0","","","","","","","","","","","","","","","0","","","","","","","","","","","","","","","","","","","","","","","","","","","","","","","","","","","","","","","","","","","","","","","","","","","90","","","","","","true","2","2",""
"0435","3","1","OCA","false","false","0","","20.0","","250.0","","6","","1","","1","","2","0","","3","2","2.0","","3","5","3","0","","","","","","","","","","","","","","","","","","","","","","","","0","","","","","","","","","","","","","","","0","","","","","","","","","","","","","","","","","","","","","","","","","","","","","","","","","","","","","","","","","","","","","","","","","","","99","","","","","","true","2","2",""
"0435","4","1","OCA","false","false","0","","20.0","","250.0","","6","","1","","1","","2","0","","3","2","2.0","","4","4","3","0","","","","","","","","","","","","","","","","","","","","","","","","0","","","","","","","","","","","","","","","0","","","","","","","","","","","","","","","","","","","","","","","","","","","","","","","","","","","","","","","","","","","","","","","","","","","0","","","","","","false","0","0",""
"0518","1","1","FSD","true","false","0","","20.0","","250.0","","3","","1","","1","","3","0","","1","1","2.0","","3","4","2","0","","","","","","","","","","","","","","","","","","","","","","","","0","","","","","","","","","","","","","","","0","N","1","0","1","","1","1","","0","","","","","","","","false","false","0","","","","","","","","","","","","","","","","","","","","0","","","","","","","","","","","","","","","","","","","","",""
"0518","2","1","FSD","true","false","0","","20.0","","250.0","","3","","1","","1","","2","0","","3","3","2.0","","2","4","2","0","","","","","","","","","","","","","","","","","","","","","","","","0","","","","","","","","","","","","","","","0","N","0","0","1","","0","0","","0","","","","","","","","true","false","0","","","","","","","","","","","","","","","","","","","","0","","","","","","","","","","","","","","","","","","","","","One land use."
"0518","3","1","FSD","true","false","0","","20.0","","250.0","","3","","1","","1","","2","0","","3","3","2.2","","3","5","3","0","","","","","","","","","","","","","","","","","","","","","","","","0","","","","","","","","","","","","","","","0","N","0","0","1","","0","0","","0","","","","","","","","false","false","0","","","","","","","","","","","","","","","","","","","","0","","","","","","","","","","","","","","","","","","","","",""
"0518","4","1","FSD","true","false","0","","20.0","","250.0","","3","","1","","1","","2","0","","3","2","2.0","","2","4","0","0","","","","","","","","","","","","","","","","","","","","","","","","0","","","","","","","","","","","","","","","0","N","0","0","1","","0","0","","0","","","","","","","","false","false","0","","","","","","","","","","","","","","","","","","","","0","","","","","","","","","","","","","","","","","","","","",""
"0558","1","1","OCA","false","false","0","","20.0","","250.0","","6","","1","","1","","1","1","","3","1","1.0","","3","4","3","0","","","","","","","","","","","","","","","","","","","","","","","","0","","","","","","","","","","","","","","","0","","","","","","","","","","","","","","","","","","","","","","","","","","","","","","","","","","","","","","","","","","","","","","","","","","","0","","","","","","true","2","3","It's corp  area"
"0558","2","1","OCA","false","false","0","","20.0","","250.0","","6","","1","","1","","1","1","","1","0","","","3","5","3","0","","","","","","","","","","","","","","","","","","","","","","","","0","","","","","","","","","","","","","","","0","","","","","","","","","","","","","","","","","","","","","","","","","","","","","","","","","","","","","","","","","","","","","","","","","","","0","","","","","","true","2","2",""
"0558","3","1","OCA","false","false","0","","20.0","","250.0","","6","","1","","1","","1","1","","3","1","1.0","","4","5","3","0","","","","","","","","","","","","","","","","","","","","","","","","0","","","","","","","","","","","","","","","0","","","","","","","","","","","","","","","","","","","","","","","","","","","","","","","","","","","","","","","","","","","","","","","","","","","0","","","","","","true","2","2",""
"0558","4","1","OCA","false","false","0","","20.0","","250.0","","6","","1","","1","","1","1","","3","1","2.0","","3","4","2","0","","","","","","","","","","","","","","","","","","","","","","","","0","","","","","","","","","","","","","","","0","","","","","","","","","","","","","","","","","","","","","","","","","","","","","","","","","","","","","","","","","","","","","","","","","","","0","","","","","","true","1","2",""
"0614","1","1","FD","true","false","0","","20.0","","250.0","","8","","3","","1","","4","0","","3","2","3.0","","4","4","1","0","","","","","","","","","","","","","","","","","","","","","","","","0","","","","","","","","","","","","","","","0","N","1","90","3","","2","1","","0","","","","","","","","false","true","0","","","","","","","","","","","","","","","","","","","","0","","","","","","","","","","","","","","","","","","","","",""
"0614","2","1","FSD","true","false","0","","20.0","","250.0","","3","","3","","1","","4","0","","3","2","3.0","","3","4","1","0","","","","","","","","","","","","","","","","","","","","","","","","0","","","","","","","","","","","","","","","0","N","1","90","3","","1","1","","0","","","","","","","","false","true","0","","","","","","","","","","","","","","","","","","","","0","","","","","","","","","","","","","","","","","","","","",""
"0614","3","1","FD","true","false","0","","20.0","","250.0","","8","","3","","1","","4","0","","3","3","3.0","","3","4","1","0","","","","","","","","","","","","","","","","","","","","","","","","0","","","","","","","","","","","","","","","0","N","1","0","3","","0","0","","0","","","","","","","","false","false","0","","","","","","","","","","","","","","","","","","","","0","","","","","","","","","","","","","","","","","","","","",""
"0614","4","1","FD","true","false","0","","20.0","","250.0","","8","","3","","1","","3","0","","3","3","3.0","","3","4","1","0","","","","","","","","","","","","","","","","","","","","","","","","0","","","","","","","","","","","","","","","0","N","1","90","3","","0","0","","0","","","","","","","","false","false","0","","","","","","","","","","","","","","","","","","","","0","","","","","","","","","","","","","","","","","","","","",""
"0615","3","1","FSD","true","false","0","","20.0","","250.0","","8","","5","","1","","5","0","","3","2","3.0","","4","4","1","0","","","","","","","","","","","","","","","","","","","","","","","","0","","","","","","","","","","","","","","","0","N","1","1","5","","0","0","","0","","","","","","","","false","false","0","","","","","","","","","","","","","","","","","","","","0","","","","","","","","","","","","","","","","","","","","",""
"0615","4","1","FSD","true","false","0","","20.0","","250.0","","8","","5","","1","","4","0","","3","2","2.0","","4","4","1","0","","","","","","","","","","","","","","","","","","","","","","","","0","","","","","","","","","","","","","","","0","N","1","0","5","","0","0","","0","","","","","","","","false","false","0","","","","","","","","","","","","","","","","","","","","0","","","","","","","","","","","","","","","","","","","","",""
"0615","1","1","FD","true","false","0","","20.0","","250.0","","8","","5","","1","","5","0","","3","3","3.0","","4","4","1","0","","","","","","","","","","","","","","","","","","","","","","","","0","","","","","","","","","","","","","","","0","N","","1","","","0","0","","","","","","","","","","false","false","","","","","","","","","","","","","","","","","","","","","0","","","","","","","","","","","","","","","","","","","","",""
"0615","2","1","FD","true","false","0","","20.0","","250.0","","8","","5","","1","","4","0","","3","2","2.0","","3","4","2","0","","","","","","","","","","","","","","","","","","","","","","","","0","","","","","","","","","","","","","","","0","N","1","90","5","","0","0","","0","","","","","","","","false","false","0","","","","","","","","","","","","","","","","","","","","0","","","","","","","","","","","","","","","","","","","","",""
"0557","2","1","FD","true","false","0","","20.0","","250.0","","3","","3","","2","","3","0","","3","1","2.0","","1","4","3","0","","","","","","","","","","","","","","","","","","","","","","","","0","","","","","","","","","","","","","","","0","N","0","90","3","","0","0","","0","","","","","","","","false","false","0","","","","","","","","","","","","","","","","","","","","0","","","","","","","","","","","","","","","","","","","","",""
"0557","3","1","FD","true","false","0","","20.0","","250.0","","3","","3","","2","","3","0","","1","0","","","2","4","2","0","","","","","","","","","","","","","","","","","","","","","","","","0","","","","","","","","","","","","","","","0","N","0","90","3","","0","0","","0","","","","","","","","false","false","0","","","","","","","","","","","","","","","","","","","","0","","","","","","","","","","","","","","","","","","","","",""
"0557","4","1","FD","true","false","0","","20.0","","250.0","","3","","3","","2","","3","0","","3","1","2.0","","1","4","2","0","","","","","","","","","","","","","","","","","","","","","","","","0","","","","","","","","","","","","","","","0","N","1","0","3","","0","0","","0","","","","","","","","false","false","0","","","","","","","","","","","","","","","","","","","","0","","","","","","","","","","","","","","","","","","","","",""
"0557","1","1","FD","true","false","0","","20.0","","250.0","","3","","3","","2","","3","0","","3","1","2.0","","2","4","2","0","","","","","","","","","","","","","","","","","","","","","","","","0","","","","","","","","","","","","","","","0","N","1","0","7","","0","0","","0","","","","","","","","false","false","0","","","","","","","","","","","","","","","","","","","","0","","","","","","","","","","","","","","","","","","","","",""
"0557","1","1","FD","true","false","0","","20.0","","250.0","","3","","7","","2","","3","0","","3","1","2.0","","2","4","2","0","","","","","","","","","","","","","","","","","","","","","","","","0","","","","","","","","","","","","","","","0","","","","","","","","","","","","","","","","","","","","","","","","","","","","","","","","","","","","","","","","","","","","","","","","","","","","","","","","","","","",""
"0557","1","1","FD","true","false","","","","","","","","","","","","","","","","","","","","","","","","","","","","","","","","","","","","","","","","","","","","","","","","","","","","","","","","","","","","","","","","","","","","","","","","","","","","","","","","","","","","","","","","","","","","","","","","","","","","","","","","","","","","","","","","","","","","","","","","","",""
"0825","1","1","OCA","false","false","0","","20.0","","250.0","","6","","1","","1","","1","1","","1","0","","","0","4","2","0","","","","","","","","","","","","","","","","","","","","","","","","0","","","","","","","","","","","","","","","0","","","","","","","","","","","","","","","","","","","","","","","","","","","","","","","","","","","","","","","","","","","","","","","","","","","90","","","","","","true","0","0",""
"0825","2","1","OCA","false","false","0","","20.0","","250.0","","6","","1","","1","","0","0","","1","0","","","1","4","1","0","","","","","","","","","","","","","","","","","","","","","","","","0","","","","","","","","","","","","","","","0","","","","","","","","","","","","","","","","","","","","","","","","","","","","","","","","","","","","","","","","","","","","","","","","","","","90","","","","","","true","0","0",""
"0825","3","1","OCA","false","false","0","","20.0","","250.0","","6","","1","","1","","0","0","","1","0","","","0","4","1","0","","","","","","","","","","","","","","","","","","","","","","","","0","","","","","","","","","","","","","","","0","","","","","","","","","","","","","","","","","","","","","","","","","","","","","","","","","","","","","","","","","","","","","","","","","","","90","","","","","","true","1","3",""
"0825","4","1","OCA","false","false","0","","20.0","","250.0","","6","","1","","1","","0","0","","2","0","","","0","4","1","0","","","","","","","","","","","","","","","","","","","","","","","","0","","","","","","","","","","","","","","","0","","","","","","","","","","","","","","","","","","","","","","","","","","","","","","","","","","","","","","","","","","","","","","","","","","","90","","","","","","true","0","0",""
"0594","1","1","OCA","false","false","0","","20.0","","250.0","","8","","1","","1","","0","0","","1","0","","","1","4","1","0","","","","","","","","","","","","","","","","","","","","","","","","0","","","","","","","","","","","","","","","0","","","","","","","","","","","","","","","","","","","","","","","","","","","","","","","","","","","","","","","","","","","","","","","","","","","90","","","","","","true","2","2",""
"0594","2","1","OCA","false","false","0","","20.0","","250.0","","8","","1","","1","","0","1","","2","0","","","2","4","1","0","","","","","","","","","","","","","","","","","","","","","","","","0","","","","","","","","","","","","","","","0","","","","","","","","","","","","","","","","","","","","","","","","","","","","","","","","","","","","","","","","","","","","","","","","","","","90","","","","","","true","3","3",""
"0594","3","1","OCA","false","false","0","","20.0","","250.0","","8","","1","","1","","0","1","","2","0","","","3","4","1","0","","","","","","","","","","","","","","","","","","","","","","","","0","","","","","","","","","","","","","","","0","","","","","","","","","","","","","","","","","","","","","","","","","","","","","","","","","","","","","","","","","","","","","","","","","","","90","","","","","","true","3","3",""
"0594","4","1","OCA","false","false","0","","20.0","","250.0","","8","","1","","1","","0","1","","1","0","","","4","4","1","0","","","","","","","","","","","","","","","","","","","","","","","","0","","","","","","","","","","","","","","","0","","","","","","","","","","","","","","","","","","","","","","","","","","","","","","","","","","","","","","","","","","","","","","","","","","","90","","","","","","true","2","3",""
"0445","4","1","WG","false","true","0","","20.0","","250.0","","8","","1","","1","","1","1","","3","3","3.0","","3","4","3","0","","","","","","","","","","","","","","","","","","","","","","","","0","","","","","","","","","","","","","","","0","N","1","0","1","","0","0","","0","","","","","","","","false","false","1","","0","","","","","","","","","","","","","","","","","","0","","","","","","","","","","","","","","","","","","","","",""
"0445","1","1","WG","false","true","0","","20.0","","250.0","","8","","1","","1","","2","1","","3","1","2.0","","3","4","2","0","","","","","","","","","","","","","","","","","","","","","","","","0","","","","","","","","","","","","","","","0","N","1","0","1","","0","0","","0","","","","","","","","false","false","0","","","","","","","","","","","","","","","","","","","","0","","","","","","","","","","","","","","","","","","","","",""
"0445","2","1","OCA","false","false","0","","20.0","","250.0","","8","","1","","1","","1","1","","3","1","2.0","","3","4","2","0","","","","","","","","","","","","","","","","","","","","","","","","0","","","","","","","","","","","","","","","0","","","","","","","","","","","","","","","","","","","","","","","","","","","","","","","","","","","","","","","","","","","","","","","","","","","0","","","","","","true","1","1",""
"0445","3","1","WG","false","true","0","","20.0","","250.0","","8","","1","","1","","1","1","","3","4","3.0","","3","4","2","0","","","","","","","","","","","","","","","","","","","","","","","","0","","","","","","","","","","","","","","","0","N","1","0","1","","0","0","","0","","","","","","","","false","false","0","","","","","","","","","","","","","","","","","","","","0","","","","","","","","","","","","","","","","","","","","",""
"0432","1","1","WG","false","true","0","","20.0","","250.0","","3","","1","","1","","1","1","","2","4","3.0","","3","4","2","0","","","","","","","","","","","","","","","","","","","","","","","","0","","","","","","","","","","","","","","","0","N","0","90","1","","2","3","","0","","","","","","","","false","false","0","","","","","","","","","","","","","","","","","","","","0","","","","","","","","","","","","","","","","","","","","",""
"0432","2","1","WG","false","true","0","","20.0","","250.0","","3","","1","","1","","1","1","","2","3","2.0","","3","4","2","0","","","","","","","","","","","","","","","","","","","","","","","","0","","","","","","","","","","","","","","","0","N","0","90","1","","2","3","","0","","","","","","","","false","false","0","","","","","","","","","","","","","","","","","","","","0","","","","","","","","","","","","","","","","","","","","",""
"0432","3","1","WG","false","true","0","","20.0","","90.0","","3","","1","","1","","1","1","","3","2","2.0","","4","4","3","0","","","","","","","","","","","","","","","","","","","","","","","","0","","","","","","","","","","","","","","","0","N","0","90","1","","0","0","","0","","","","","","","","false","false","0","","","","","","","","","","","","","","","","","","","","0","","","","","","","","","","","","","","","","","","","","",""
"0432","3","2","OCA","false","false","0","","20.0","","160.0","","6","","1","","1","","1","1","","3","2","2.0","","2","4","2","0","","","","","","","","","","","","","","","","","","","","","","","","0","","","","","","","","","","","","","","","0","","","","","","","","","","","","","","","","","","","","","","","","","","","","","","","","","","","","","","","","","","","","","","","","","","","5","","6","","","","true","2","3","Theirs two land use in plot 3  the first one is (w g) and the sacond  ( OCA )"
"0432","4","1","OCA","false","false","0","","20.0","","250.0","","6","","1","","1","","1","1","","2","0","","","2","4","2","0","","","","","","","","","","","","","","","","","","","","","","","","0","","","","","","","","","","","","","","","0","","","","","","","","","","","","","","","","","","","","","","","","","","","","","","","","","","","","","","","","","","","","","","","","","","","6","","5","","","","true","2","1",""
"0901","3","1","FSD","true","false","0","","20.0","","250.0","","8","","3","","4","","4","0","","3","2","3.0","","4","4","2","0","","","","","","","","","","","","","","","","","","","","","","","","0","","","","","","","","","","","","","","","0","N","1","0","3","","0","0","","0","","","","","","","","false","false","0","","","","","","","","","","","","","","","","","","","","0","","","","","","","","","","","","","","","","","","","","",""
"0901","4","1","FSD","true","false","0","","20.0","","250.0","","8","","3","","4","","4","0","","3","3","2.5","","3","4","2","0","","","","","","","","","","","","","","","","","","","","","","","","0","","","","","","","","","","","","","","","0","N","1","90","3","","0","0","","0","","","","","","","","false","false","0","","","","","","","","","","","","","","","","","","","","0","","","","","","","","","","","","","","","","","","","","",""
"0901","1","1","FSD","true","false","0","","20.0","","250.0","","3","","3","","1","","4","0","","3","2","3.0","","3","4","1","0","","","","","","","","","","","","","","","","","","","","","","","","0","","","","","","","","","","","","","","","0","N","1","90","3","","1","1","","0","","","","","","","","false","true","0","","","","","","","","","","","","","","","","","","","","0","","","","","","","","","","","","","","","","","","","","",""
"0901","2","1","FSD","true","false","0","","20.0","","250.0","","8","","3","","4","","4","0","","3","3","3.0","","5","4","3","0","","","","","","","","","","","","","","","","","","","","","","","","0","","","","","","","","","","","","","","","0","N","1","0","3","","0","0","","0","","","","","","","","false","false","0","","","","","","","","","","","","","","","","","","","","0","","","","","","","","","","","","","","","","","","","","",""
"0899","1","1","WG","false","true","0","","20.0","","250.0","","8","","1","","1","","3","0","","3","2","2.0","","3","4","2","0","","","","","","","","","","","","","","","","","","","","","","","","0","","","","","","","","","","","","","","","0","N","1","0","3","","0","0","","0","","","","","","","","false","false","0","","","","","","","","","","","","","","","","","","","","0","","","","","","","","","","","","","","","","","","","","",""
"0899","2","1","FD","true","false","0","","20.0","","10.0","","8","","1","","1","","5","0","","3","2","3.0","","3","4","2","0","","","","","","","","","","","","","","","","","","","","","","","","0","","","","","","","","","","","","","","","0","N","1","0","1","","1","0","","0","","","","","","","","false","true","0","","","","","","","","","","","","","","","","","","","","0","","","","","","","","","","","","","","","","","","","","",""
"0899","3","1","OCA","false","false","0","","20.0","","80.0","","5","","7","","1","","1","1","","1","1","2.0","","3","4","3","0","","","","","","","","","","","","","","","","","","","","","","","","0","","","","","","","","","","","","","","","0","N","0","0","3","","0","0","","0","","","","","","","","false","false","0","","","","","","","","","","","","","","","","","","","","0","","","","","","","","","","","","0","","","","","","false","0","0",""
"0899","3","2","WG","false","true","0","","20.0","","170.0","","8","","1","","1","","1","0","","3","0","","","2","4","2","0","","","","","","","","","","","","","","","","","","","","","","","","0","","","","","","","","","","","","","","","0","N","1","90","1","","2","1","","0","","","","","","","","true","true","0","","","","","","","","","","","","","","","","","","","","0","","","","","","","","","","","","","","","","","","","","",""
"0899","4","1","WG","false","true","0","","20.0","","250.0","","8","","1","","1","","2","0","","3","1","2.0","","2","4","2","0","","","","","","","","","","","","","","","","","","","","","","","","0","","","","","","","","","","","","","","","0","N","1","0","3","","2","1","","0","","","","","","","","false","true","0","","","","","","","","","","","","","","","","","","","","0","","","","","","","","","","","","","","","","","","","","",""
"0644","4","1","FD","true","false","0","","20.0","","160.0","","8","","1","","1","","3","0","","2","2","2.0","","2","4","1","0","","","","","","","","","","","","","","","","","","","","","","","","0","","","","","","","","","","","","","","","0","N","1","0","1","","0","0","","0","","","","","","","","false","false","0","","","","","","","","","","","","","","","","","","","","0","","","","","","","","","","","","","","","","","","","","",""
"0644","4","2","OCA","false","false","0","","20.0","","90.0","","8","","1","","1","","1","1","","2","0","","","2","4","2","0","","","","","","","","","","","","","","","","","","","","","","","","0","","","","","","","","","","","","","","","0","","","","","","","","","","","","","","","","","","","","","","","","","","","","","","","","","","","","","","","","","","","","","","","","","","","0","","","","","","true","2","1",""
"0644","1","1","FSD","true","false","0","","20.0","","250.0","","3","","3","","1","","2","0","","3","1","2.0","","2","4","2","0","","","","","","","","","","","","","","","","","","","","","","","","0","","","","","","","","","","","","","","","0","","","","","","","","","","","","","","","","","","","","","","","","","","","","","","","","","","","","","","","","","","","","","","","","","","","","","","","","","","","",""
"0644","2","1","OCA","false","false","0","","20.0","","32.0","","6","","1","","1","","1","0","","3","0","","","0","4","3","0","","","","","","","","","","","","","","","","","","","","","","","","0","","","","","","","","","","","","","","","0","","","","","","","","","","","","","","","","","","","","","","","","","","","","","","","","","","","","","","","","","","","","","","","","","","","0","","","","","","false","0","0",""
"0644","2","2","WG","false","true","0","","20.0","","218.0","","8","","1","","1","","1","0","","1","0","","","2","4","2","0","","","","","","","","","","","","","","","","","","","","","","","","0","","","","","","","","","","","","","","","0","N","1","0","1","","0","0","","0","","","","","","","","false","false","0","","","","","","","","","","","","","","","","","","","","0","","","","","","","","","","","","","","","","","","","","",""
"0644","3","1","WG","false","true","0","","20.0","","250.0","","8","","3","","1","","1","0","","2","0","","","1","4","2","0","","","","","","","","","","","","","","","","","","","","","","","","0","","","","","","","","","","","","","","","0","N","1","90","3","","1","1","","0","","","","","","","","false","false","0","","","","","","","","","","","","","","","","","","","","0","","","","","","","","","","","","","","","","","","","","",""
"0559","1","1","F","true","false","0","","20.0","","250.0","","3","","3","","2","","5","0","","3","1","2.0","","2","4","3","0","","","","","","","","","","","","","","","","","","","","","","","","0","","","","","","","","","","","","","","","2","N","0","90","3","","0","0","","0","","","","","","","","false","false","0","","","","","","","","","","","","","","","","","","","","0","","","","","","","","","","","","","","","","","","","","",""
"0559","2","1","F","true","false","0","","20.0","","250.0","","3","","3","","2","","4","0","","3","1","2.0","","1","4","2","0","","","","","","","","","","","","","","","","","","","","","","","","0","","","","","","","","","","","","","","","2","N","0","90","3","","0","0","","0","","","","","","","","false","false","0","","","","","","","","","","","","","","","","","","","","0","","","","","","","","","","","","","","","","","","","","",""
"0559","3","1","F","true","false","0","","20.0","","250.0","","3","","3","","2","","5","0","","3","1","2.0","","1","4","2","0","","","","","","","","","","","","","","","","","","","","","","","","0","","","","","","","","","","","","","","","2","N","0","90","3","","1","99","pasturalist","0","","","","","","","","false","false","0","","","","","","","","","","","","","","","","","","","","0","","","","","","","","","","","","","","","","","","","","",""
"0559","4","1","F","true","false","0","","20.0","","250.0","","3","","3","","2","","4","0","","3","1","2.0","","1","4","2","0","","","","","","","","","","","","","","","","","","","","","","","","0","","","","","","","","","","","","","","","2","N","0","90","3","","0","0","","0","","","","","","","","false","false","0","","","","","","","","","","","","","","","","","","","","0","","","","","","","","","","","","","","","","","","","","",""
"0879","2","1","OCA","false","false","0","","20.0","","250.0","","8","","1","","1","","4","1","","2","0","","","2","4","2","0","","","","","","","","","","","","","","","","","","","","","","","","0","","","","","","","","","","","","","","","0","","","","","","","","","","","","","","","","","","","","","","","","","","","","","","","","","","","","","","","","","","","","","","","","","","","0","","","","","","true","2","2",""
"0879","3","1","OCA","false","false","0","","20.0","","25.0","","8","","1","","1","","1","1","","3","0","","","1","4","1","0","","","","","","","","","","","","","","","","","","","","","","","","0","","","","","","","","","","","","","","","0","","","","","","","","","","","","","","","","","","","","","","","","","","","","","","","","","","","","","","","","","","","","","","","","","","","90","","","","","","true","2","2",""
"0879","4","1","OCA","false","false","0","","20.0","","250.0","","8","","1","","1","","1","1","","3","0","","","1","4","2","0","","","","","","","","","","","","","","","","","","","","","","","","1","800","","2","","","","4","","","","","","","","0","","","","","","","","","","","","","","","","","","","","","","","","","","","","","","","","","","","","","","","","","","","","","","","","","","","90","","","","","","true","2","2",""
"0879","1","1","OCA","false","false","0","","20.0","","250.0","","8","","1","","1","","1","1","","3","0","","","1","4","1","0","","","","","","","","","","","","","","","","","","","","","","","","0","","","","","","","","","","","","","","","0","","","","","","","","","","","","","","","","","","","","","","","","","","","","","","","","","","","","","","","","","","","","","","","","","","","90","","","","","","true","2","3",""
"0676","1","1","FSD","true","false","0","","20.0","","250.0","","3","","3","","2","","5","0","","3","1","3.0","","3","4","1","0","","","","","","","","","","","","","","","","","","","","","","","","2","2500","","2","","","","90","","","","","","","","0","N","1","0","3","","0","0","","0","","","","","","","","false","false","0","","","","","","","","","","","","","","","","","","","","0","","","","","","","","","","","","","","","","","","","","",""
"0676","2","1","FSD","true","false","0","","20.0","","250.0","","3","","3","","2","","4","0","","3","0","","","2","4","2","0","","","","","","","","","","","","","","","","","","","","","","","","2","2500","","2","","","","90","","","","","","","","0","N","1","0","3","","0","0","","0","","","","","","","","false","false","0","","","","","","","","","","","","","","","","","","","","0","","","","","","","","","","","","","","","","","","","","",""
"0676","3","1","FSD","true","false","0","","20.0","","250.0","","3","","3","","2","","4","0","","3","0","","","2","4","2","0","","","","","","","","","","","","","","","","","","","","","","","","0","","","","","","","","","","","","","","","1","N","1","0","3","","0","0","","0","","","","","","","","false","false","0","","","","","","","","","","","","","","","","","","","","0","","","","","","","","","","","","","","","","","","","","",""
"0676","4","1","FSD","true","false","0","","20.0","","250.0","","3","","3","","2","","4","0","","3","0","","","2","4","2","0","","","","","","","","","","","","","","","","","","","","","","","","1","1200","","2","","","","90","","","","","","","","1","N","1","0","3","","0","0","","0","","","","","","","","false","false","0","","","","","","","","","","","","","","","","","","","","0","","","","","","","","","","","","","","","","","","","","",""
"0783","1","1","FSD","true","false","0","","20.0","","250.0","","3","","1","","1","","2","0","","3","2","1.0","","3","4","2","0","","","","","","","","","","","","","","","","","","","","","","","","0","","","","","","","","","","","","","","","0","N","0","0","1","","0","0","","99","","","","","","","","false","false","0","","","","","","","","","","","","","","","","","","","","0","","","","","","","","","","","","","","","","","","","","","Graded area have a good drainage water"
"0783","2","1","WG","false","true","0","","20.0","","250.0","","3","","1","","1","","1","0","","3","2","1.5","","3","4","2","0","","","","","","","","","","","","","","","","","","","","","","","","0","","","","","","","","","","","","","","","0","N","0","0","1","","0","0","","0","","","","","","","","false","false","0","","","","","","","","","","","","","","","","","","","","0","","","","","","","","","","","","","","","","","","","","",""
"0783","3","1","WG","false","true","0","","20.0","","250.0","","3","","1","","1","","2","0","","3","2","2.0","","3","4","2","0","","","","","","","","","","","","","","","","","","","","","","","","0","","","","","","","","","","","","","","","0","N","0","0","1","","0","0","","0","","","","","","","","false","false","0","","","","","","","","","","","","","","","","","","","","0","","","","","","","","","","","","","","","","","","","","",""
"0783","4","1","WG","false","true","0","","20.0","","250.0","","3","","1","","1","","2","0","","3","1","2.5","","3","3","2","0","","","","","","","","","","","","","","","","","","","","","","","","0","","","","","","","","","","","","","","","0","N","1","0","1","","0","0","","0","","","","","","","","false","false","0","","","","","","","","","","","","","","","","","","","","0","","","","","","","","","","","","","","","","","","","","","It's woody grass land with scatter small trees"
"0803","1","1","OCA","false","false","0","","20.0","","250.0","","6","","1","","1","","1","1","","2","0","","","1","4","2","0","","","","","","","","","","","","","","","","","","","","","","","","0","","","","","","","","","","","","","","","0","","","","","","","","","","","","","","","","","","","","","","","","","","","","","","","","","","","","","","","","","","","","","","","","","","","90","","","","","","true","3","3",""
"0803","2","1","OCA","false","false","0","","20.0","","250.0","","6","","1","","1","","1","1","","1","0","","","1","4","2","0","","","","","","","","","","","","","","","","","","","","","","","","0","","","","","","","","","","","","","","","0","","","","","","","","","","","","","","","","","","","","","","","","","","","","","","","","","","","","","","","","","","","","","","","","","","","90","","","","","","true","2","3",""
"0803","3","1","OCA","false","false","0","","20.0","","250.0","","6","","1","","1","","1","1","","1","0","","","1","4","2","0","","","","","","","","","","","","","","","","","","","","","","","","0","","","","","","","","","","","","","","","0","","","","","","","","","","","","","","","","","","","","","","","","","","","","","","","","","","","","","","","","","","","","","","","","","","","90","","","","","","true","2","3",""
"0803","4","1","OCA","false","false","0","","20.0","","250.0","","6","","1","","1","","1","1","","1","0","","","1","4","2","0","","","","","","","","","","","","","","","","","","","","","","","","0","","","","","","","","","","","","","","","0","","","","","","","","","","","","","","","","","","","","","","","","","","","","","","","","","","","","","","","","","","","","","","","","","","","90","","","","","","true","2","2",""
"0872","1","1","FD","true","false","0","","20.0","","250.0","","8","","1","","1","","4","0","","3","2","2.0","","3","4","1","0","","","","","","","","","","","","","","","","","","","","","","","","0","","","","","","","","","","","","","","","0","N","1","0","1","","0","0","","0","","","","","","","","false","false","0","","","","","","","","","","","","","","","","","","","","0","","","","","","","","","","","","","","","","","","","","",""
"0872","2","1","FD","true","false","0","","20.0","","250.0","","8","","1","","1","","4","0","","3","2","2.0","","3","4","1","0","","","","","","","","","","","","","","","","","","","","","","","","0","","","","","","","","","","","","","","","0","","","","","","","","","","","","","","","","","","","","","","","","","","","","","","","","","","","","","","","","","","","","","","","","","","","","","","","","","","","",""
"0872","3","1","FD","true","false","0","","20.0","","250.0","","8","","1","","1","","4","0","","3","1","2.0","","3","4","1","0","","","","","","","","","","","","","","","","","","","","","","","","0","","","","","","","","","","","","","","","0","N","1","0","1","","0","0","","0","","","","","","","","false","false","0","","","","","","","","","","","","","","","","","","","","0","","","","","","","","","","","","","","","","","","","","",""
"0872","4","1","FD","true","false","0","","20.0","","250.0","","8","","3","","1","","4","0","","3","2","2.0","","2","4","1","0","","","","","","","","","","","","","","","","","","","","","","","","0","","","","","","","","","","","","","","","0","N","1","90","3","","0","1","","0","","","","","","","","false","false","0","","","","","","","","","","","","","","","","","","","","0","","","","","","","","","","","","","","","","","","","","",""
"0641","2","1","FSD","true","false","0","","20.0","","250.0","","8","","3","","2","","4","0","","3","1","2.0","","2","4","2","0","","","","","","","","","","","","","","","","","","","","","","","","0","","","","","","","","","","","","","","","0","N","1","0","3","","1","1","","0","","","","","","","","false","true","0","","","","","","","","","","","","","","","","","","","","0","","","","","","","","","","","","","","","","","","","","",""
"0641","1","1","OCA","false","false","0","","20.0","","20.0","","8","","1","","1","","0","1","","1","0","","","3","4","2","0","","","","","","","","","","","","","","","","","","","","","","","","0","","","","","","","","","","","","","","","0","","","","","","","","","","","","","","","","","","","","","","","","","","","","","","","","","","","","","","","","","","","","","","","","","","","0","","","","","","true","2","2",""
"0641","1","2","FD","true","false","0","","20.0","","230.0","","8","","3","","2","","4","0","","3","2","2.0","","2","4","2","0","","","","","","","","","","","","","","","","","","","","","","","","0","","","","","","","","","","","","","","","0","N","1","0","3","","0","0","","0","","","","","","","","false","false","0","","","","","","","","","","","","","","","","","","","","0","","","","","","","","","","","","","","","","","","","","",""
"0641","3","1","FD","true","false","0","","20.0","","250.0","","8","","3","","2","","4","0","","3","2","4.0","","2","4","3","0","","","","","","","","","","","","","","","","","","","","","","","","0","","","","","","","","","","","","","","","1","N","1","90","3","","1","1","","0","","","","","","","","false","false","0","","","","","","","","","","","","","","","","","","","","0","","","","","","","","","","","","","","","","","","","","",""
"0641","4","1","OCA","false","false","0","","20.0","","175.0","","6","","1","","1","","1","0","","3","1","3.0","","1","4","3","0","","","","","","","","","","","","","","","","","","","","","","","","0","","","","","","","","","","","","","","","0","","","","","","","","","","","","","","","","","","","","","","","","","","","","","","","","","","","","","","","","","","","","","","","","","","","2","","","","","","true","2","2",""
"0641","4","2","FD","true","false","0","","20.0","","75.0","","3","","3","","2","","3","0","","3","2","4.0","","2","4","3","0","","","","","","","","","","","","","","","","","","","","","","","","0","","","","","","","","","","","","","","","1","N","1","0","3","","1","1","","0","","","","","","","","true","true","0","","","","","","","","","","","","","","","","","","","","0","","","","","","","","","","","","","","","","","","","","",""
"0519","2","1","WG","false","true","0","","20.0","","250.0","","3","","3","","2","","2","0","","3","1","3.0","","1","4","2","0","","","","","","","","","","","","","","","","","","","","","","","","0","","","","","","","","","","","","","","","0","N","1","90","3","","1","1","","0","","","","","","","","false","false","0","","","","","","","","","","","","","","","","","","","","0","","","","","","","","","","","","","","","","","","","","",""
"0519","3","1","OCA","false","false","0","","20.0","","250.0","","3","","3","","2","","1","0","","3","0","","","2","4","1","0","","","","","","","","","","","","","","","","","","","","","","","","0","","","","","","","","","","","","","","","0","","","","","","","","","","","","","","","","","","","","","","","","","","","","","","","","","","","","","","","","","","","","","","","","","","","99","","90","","","","true","1","3",""
"0952","3","1","FSD","true","false","0","","20.0","","250.0","","8","","3","","2","","3","0","","3","1","2.0","","3","4","2","0","","","","","","","","","","","","","","","","","","","","","","","","2","200","","2","","","","90","","","","","","","","0","N","1","0","3","","0","0","","0","","","","","","","","false","false","0","","","","","","","","","","","","","","","","","","","","0","","","","","","","","","","","","","","","","","","","","",""
"0952","4","1","FSD","true","false","0","","20.0","","250.0","","8","","3","","2","","3","0","","3","1","2.0","","3","4","2","0","","","","","","","","","","","","","","","","","","","","","","","","0","","","","","","","","","","","","","","","0","","","","","","","","","","","","","","","","","","","","","","","","","","","","","","","","","","","","","","","","","","","","","","","","","","","","","","","","","","","",""
"0952","1","1","FSD","true","false","0","","20.0","","250.0","","8","","3","","2","","3","0","","3","1","2.0","","3","4","2","0","","","","","","","","","","","","","","","","","","","","","","","","0","","","","","","","","","","","","","","","0","","","","","","","","","","","","","","","","","","","","","","","","","","","","","","","","","","","","","","","","","","","","","","","","","","","","","","","","","","","",""
