"su_su_no","plot_plot_no","mp_no","mp_lucs_no","slope","slope_unit_name","slope_orientation","slope_orientation_unit_name","relief","relief_qualifier","mp_photo_no","mp_photo_bearing","mp_photo_bearing_unit_name","organic_layer_thickness","organic_layer_thickness_unit_name","soil_drainage"
"0434","1","1","1","0.5","","0.0","","8","","1","0.0","","0.0","","3"
"0434","1","2","1","0.3","","0.0","","8","","2","0.0","","0.0","","3"
"0434","1","3","1","1.0","","180.0","","8","","3","180.0","","3.0","","3"
"0434","2","1","1","1.7","","90.0","","8","","1","90.0","","0.0","","3"
"0434","2","2","1","1.5","","90.0","","8","","2","90.0","","0.0","","3"
"0434","2","3","2","2.0","","270.0","","8","","3","270.0","","0.0","","3"
"0434","3","1","1","0.7","","180.0","","8","","1","180.0","","2.0","","3"
"0434","3","2","1","1.8","","180.0","","8","","2","180.0","","2.0","","3"
"0434","3","3","1","2.0","","0.0","","8","","3","0.0","","1.0","","3"
"0434","4","1","1","1.3","","270.0","","8","","1","270.0","","0.0","","3"
"0434","4","2","1","0.5","","270.0","","8","","2","270.0","","0.0","","3"
"0434","4","3","1","2.8","","90.0","","8","","3","90.0","","0.0","","3"
"0928","1","1","1","2.0","","0.0","","8","","1","0.0","","5.0","","3"
"0928","1","2","1","2.5","","0.0","","8","","2","0.0","","2.0","","4"
"0928","1","3","1","6.1","","270.0","","8","","3","270.0","","3.0","","3"
"0928","2","1","1","4.2","","120.0","","8","","1","120.0","","5.0","","3"
"0928","2","2","1","5.5","","270.0","","8","","2","270.0","","4.0","","3"
"0928","2","3","1","3.4","","90.0","","8","","3","90.0","","1.0","","3"
"0928","3","1","1","0.4","","200.0","","8","","1","200.0","","5.0","","3"
"0928","3","2","1","6.9","","30.0","","8","","2","30.0","","11.0","","3"
"0928","3","3","1","5.7","","140.0","","8","","3","140.0","","2.0","","3"
"0928","4","1","1","1.2","","270.0","","8","","1","270.0","","2.0","","3"
"0928","4","2","1","2.4","","30.0","","8","","2","30.0","","4.0","","3"
"0928","4","3","1","5.7","","90.0","","8","","3","90.0","","1.0","","3"
"0689","1","1","1","0.5","","0.0","","8","","1","0.0","","1.0","","3"
"0689","1","2","1","1.8","","0.0","","8","","2","0.0","","5.0","","3"
"0689","1","3","1","8.9","","270.0","","8","","3","270.0","","4.0","","3"
"0689","2","1","1","1.5","","270.0","","8","","1","270.0","","6.0","","3"
"0689","2","2","1","1.9","","270.0","","8","","2","270.0","","6.0","","3"
"0689","2","3","1","2.9","","270.0","","8","","3","270.0","","3.0","","3"
"0689","3","1","1","0.8","","180.0","","8","","1","180.0","","3.0","","3"
"0689","3","2","1","0.7","","180.0","","8","","2","180.0","","4.0","","3"
"0689","3","3","1","3.1","","300.0","","8","","3","300.0","","10.0","","3"
"0689","4","1","1","1.0","","220.0","","8","","1","220.0","","5.0","","3"
"0689","4","2","1","10.0","","180.0","","8","","2","180.0","","4.0","","3"
"0689","4","3","1","2.7","","180.0","","8","","3","180.0","","8.0","","3"
"0692","2","1","1","1.7","","90.0","","8","","1","90.0","","10.0","","3"
"0692","2","2","1","4.5","","90.0","","8","","2","90.0","","10.0","","2"
"0692","2","3","1","2.8","","270.0","","8","","3","270.0","","5.0","","2"
"0692","3","1","1","1.5","","180.0","","8","","1","180.0","","5.0","","2"
"0692","3","2","1","2.3","","180.0","","8","","2","180.0","","5.0","","2"
"0692","3","3","1","1.0","","180.0","","8","","3","180.0","","10.0","","2"
"0692","4","1","1","1.7","","270.0","","8","","1","270.0","","5.0","","2"
"0692","4","2","1","2.6","","90.0","","8","","2","90.0","","4.0","","2"
"0692","4","3","1","1.6","","90.0","","8","","3","90.0","","2.0","","3"
"0692","1","1","1","2.0","","0.0","","8","","1","0.0","","9.0","","2"
"0692","1","2","1","1.7","","0.0","","8","","2","0.0","","12.0","","2"
"0692","1","3","1","3.0","","180.0","","8","","3","180.0","","8.0","","2"
"0695","1","1","1","5.8","","90.0","","3","","1","90.0","","1.0","","3"
"0695","1","2","1","7.6","","180.0","","3","","2","180.0","","5.0","","3"
"0695","1","3","1","13.7","","90.0","","3","","3","90.0","","6.0","","3"
"0695","2","1","1","19.0","","90.0","","8","","1","90.0","","5.0","","3"
"0695","2","2","1","9.5","","160.0","","8","","2","160.0","","74.0","","3"
"0695","2","3","1","10.2","","90.0","","7","","3","90.0","","6.0","","2"
"0695","3","1","","","","","","","","1","","","","",""
"0695","3","2","","","","","","","","2","","","","",""
"0695","3","3","1","19.5","","90.0","","3","","3","90.0","","3.0","","3"
"0695","4","1","1","23.1","","270.0","","3","","1","270.0","","5.0","","3"
"0695","4","2","1","9.0","","270.0","","3","","2","270.0","","5.0","","3"
"0695","4","3","1","8.9","","90.0","","3","","3","90.0","","1.0","","3"
"0543","1","1","1","4.8","","0.0","","8","","1","0.0","","1.0","","3"
"0543","1","2","1","12.6","","90.0","","8","","2","90.0","","1.0","","3"
"0543","1","3","1","11.1","","90.0","","10","","3","90.0","","4.0","","3"
"0543","2","1","1","3.4","","90.0","","8","","1","90.0","","3.0","","3"
"0543","2","2","1","5.4","","90.0","","8","","2","90.0","","1.0","","3"
"0543","2","3","1","7.1","","270.0","","8","","3","270.0","","2.0","","3"
"0543","3","1","1","5.8","","90.0","","8","","1","90.0","","1.0","","3"
"0543","3","2","1","6.3","","180.0","","8","","2","180.0","","2.0","","3"
"0543","3","3","1","10.8","","200.0","","9","","3","200.0","","3.0","","3"
"0543","4","1","1","8.0","","330.0","","4","","1","330.0","","1.0","","3"
"0543","4","2","1","11.6","","0.0","","7","","2","0.0","","1.0","","3"
"0543","4","3","1","6.5","","45.0","","8","","3","45.0","","2.0","","3"
"0960","1","1","1","3.7","","0.0","","8","","1","0.0","","5.0","","3"
"0960","1","2","1","4.1","","0.0","","8","","2","0.0","","11.0","","3"
"0960","1","3","1","3.7","","180.0","","8","","3","180.0","","3.0","","3"
"0960","2","1","1","2.6","","270.0","","8","","1","270.0","","3.0","","3"
"0960","2","2","1","1.4","","270.0","","8","","2","270.0","","5.0","","3"
"0960","2","3","1","1.9","","270.0","","8","","3","270.0","","7.0","","3"
"0960","3","1","1","3.3","","240.0","","8","","1","240.0","","3.0","","3"
"0960","3","2","1","1.6","","220.0","","8","","2","220.0","","5.0","","3"
"0960","3","3","1","2.4","","270.0","","8","","3","270.0","","6.0","","3"
"0960","4","1","1","0.9","","270.0","","8","","1","270.0","","5.0","","3"
"0960","4","2","1","2.6","","260.0","","8","","2","260.0","","4.0","","3"
"0960","4","3","1","3.9","","180.0","","8","","3","180.0","","2.0","","3"
"0797","1","1","1","5.0","","0.0","","8","","1","0.0","","0.0","","3"
"0797","1","2","1","5.0","","0.0","","8","","2","0.0","","0.0","","3"
"0797","1","3","1","5.0","","180.0","","8","","3","180.0","","0.0","","3"
"0797","2","1","1","8.0","","90.0","","5","","1","90.0","","0.0","","3"
"0797","2","2","1","4.0","","90.0","","8","","2","90.0","","2.0","","3"
"0797","2","3","1","2.0","","270.0","","8","","3","270.0","","0.0","","3"
"0797","3","1","1","1.0","","180.0","","8","","1","180.0","","0.0","","3"
"0797","3","2","1","1.0","","180.0","","8","","2","180.0","","0.0","","3"
"0797","3","3","1","1.0","","0.0","","8","","3","0.0","","0.0","","3"
"0797","4","1","1","1.0","","270.0","","8","","1","270.0","","2.0","","3"
"0797","4","2","1","1.0","","270.0","","8","","2","270.0","","2.0","","3"
"0797","4","3","1","1.0","","90.0","","8","","3","90.0","","2.0","","3"
"0902","4","1","1","5.6","","270.0","","8","","1","270.0","","4.0","","3"
"0902","4","2","1","4.8","","270.0","","8","","2","270.0","","3.0","","3"
"0902","4","3","1","6.4","","90.0","","8","","3","90.0","","10.0","","3"
"0902","1","1","1","2.7","","0.0","","8","","1","0.0","","0.0","","3"
"0902","1","2","1","1.3","","0.0","","8","","2","0.0","","1.0","","3"
"0902","1","3","1","4.7","","180.0","","8","","3","180.0","","2.0","","3"
"0902","2","1","","","","","","","","1","","","","",""
"0902","2","2","","","","","","","","2","","","","",""
"0902","2","3","","","","","","","","3","","","","",""
"0902","3","1","1","8.8","","180.0","","8","","1","180.0","","9.0","","3"
"0902","3","2","1","5.7","","330.0","","8","","2","330.0","","8.0","","3"
"0902","3","3","1","11.0","","180.0","","8","","3","180.0","","1.0","","3"
"0433","1","1","1","3.8","","0.0","","11","","1","0.0","","0.0","","3"
"0433","1","2","1","3.1","","0.0","","5","","2","0.0","","0.0","","3"
"0433","1","3","1","5.1","","180.0","","11","","3","180.0","","0.0","","3"
"0433","2","1","1","6.7","","90.0","","11","","1","90.0","","0.0","","3"
"0433","2","2","2","2.9","","90.0","","11","","2","90.0","","0.0","","3"
"0433","2","3","2","1.2","","270.0","","11","","3","270.0","","0.0","","3"
"0433","3","1","1","16.0","","90.0","","11","","1","90.0","","0.0","","3"
"0433","3","2","1","17.5","","180.0","","11","","2","180.0","","0.0","","3"
"0433","3","3","2","0.4","","0.0","","8","","3","0.0","","0.0","","3"
"0433","4","1","1","7.1","","270.0","","8","","1","270.0","","0.0","","3"
"0433","4","2","1","15.7","","180.0","","11","","2","180.0","","0.0","","3"
"0433","4","3","1","2.9","","90.0","","11","","3","90.0","","0.0","","3"
"0645","1","1","1","3.5","","180.0","","8","","1","180.0","","3.0","","3"
"0645","1","2","1","4.0","","180.0","","8","","2","180.0","","4.0","","3"
"0645","1","3","1","2.5","","180.0","","8","","3","180.0","","5.0","","3"
"0645","2","1","1","5.0","","180.0","","8","","1","180.0","","0.0","","3"
"0645","2","2","1","4.9","","180.0","","8","","2","180.0","","15.0","","3"
"0645","2","3","2","4.9","","180.0","","8","","3","180.0","","1.0","","3"
"0645","3","1","1","3.9","","180.0","","8","","1","180.0","","4.0","","2"
"0645","3","2","1","3.5","","180.0","","8","","2","180.0","","3.0","","2"
"0645","3","3","1","4.0","","180.0","","8","","3","180.0","","5.0","","2"
"0645","4","1","1","1.7","","180.0","","8","","1","180.0","","5.0","","2"
"0645","4","2","1","6.0","","270.0","","8","","2","270.0","","3.0","","2"
"0645","4","3","1","6.2","","180.0","","8","","3","180.0","","8.0","","2"
"0978","1","1","1","2.7","","0.0","","8","","1","0.0","","5.0","","3"
"0978","1","2","1","4.5","","0.0","","8","","2","0.0","","5.0","","3"
"0978","1","3","1","8.9","","340.0","","5","","3","340.0","","5.0","","3"
"0978","2","1","1","2.1","","90.0","","8","","1","90.0","","2.0","","3"
"0978","2","2","1","2.0","","90.0","","8","","2","90.0","","4.0","","3"
"0978","2","3","1","2.4","","180.0","","8","","3","180.0","","5.0","","3"
"0978","3","1","1","2.6","","180.0","","8","","1","180.0","","15.0","","3"
"0978","3","2","1","1.7","","180.0","","8","","2","180.0","","4.0","","3"
"0978","3","3","1","1.5","","180.0","","8","","3","180.0","","7.0","","3"
"0978","4","1","1","1.9","","270.0","","8","","1","270.0","","7.0","","3"
"0978","4","2","1","2.8","","0.0","","8","","2","0.0","","12.0","","3"
"0978","4","3","1","4.0","","90.0","","8","","3","90.0","","3.0","","3"
"0953","2","1","1","3.8","","90.0","","8","","1","90.0","","1.0","","3"
"0953","2","2","1","4.2","","270.0","","8","","2","270.0","","10.0","","3"
"0953","2","3","1","3.4","","270.0","","8","","3","270.0","","5.0","","3"
"0953","3","1","1","2.5","","180.0","","8","","1","180.0","","5.0","","3"
"0953","3","2","1","4.1","","0.0","","8","","2","0.0","","2.0","","3"
"0953","3","3","1","1.9","","0.0","","8","","3","0.0","","5.0","","3"
"0953","4","1","1","2.2","","270.0","","8","","1","270.0","","10.0","","3"
"0953","4","2","1","2.2","","270.0","","8","","2","270.0","","5.0","","3"
"0953","4","3","1","3.4","","90.0","","8","","3","90.0","","10.0","","4"
"0953","1","1","1","2.6","","0.0","","8","","1","0.0","","4.0","","3"
"0953","1","2","1","2.3","","0.0","","8","","2","0.0","","5.0","","3"
"0953","1","3","1","2.0","","180.0","","8","","3","180.0","","5.0","","3"
"0622","1","1","1","1.7","","270.0","","5","","1","270.0","","4.0","","3"
"0622","1","2","1","2.3","","180.0","","5","","2","180.0","","5.0","","3"
"0622","1","3","1","2.5","","270.0","","5","","3","270.0","","3.0","","3"
"0622","2","1","1","2.2","","270.0","","8","","1","270.0","","3.0","","3"
"0622","2","2","1","1.5","","270.0","","8","","2","270.0","","3.0","","3"
"0622","2","3","1","2.0","","270.0","","8","","3","270.0","","2.0","","3"
"0622","3","1","1","1.9","","180.0","","8","","1","180.0","","5.0","","3"
"0622","3","2","1","2.0","","180.0","","8","","2","180.0","","2.0","","3"
"0622","3","3","1","2.8","","270.0","","8","","3","270.0","","1.0","","3"
"0622","4","1","1","2.7","","270.0","","8","","1","270.0","","2.0","","3"
"0622","4","2","1","1.5","","270.0","","8","","2","270.0","","2.0","","3"
"0622","4","3","1","1.7","","270.0","","8","","3","270.0","","1.0","","3"
"0799","2","1","1","0.0","","90.0","","8","","1","90.0","","0.0","","3"
"0799","2","2","1","0.0","","90.0","","8","","2","90.0","","0.0","","3"
"0799","2","3","1","0.0","","270.0","","8","","3","270.0","","0.0","","3"
"0799","3","1","1","0.0","","180.0","","8","","1","180.0","","0.0","","3"
"0799","3","2","1","0.0","","180.0","","8","","2","180.0","","0.0","","3"
"0799","3","3","1","0.0","","0.0","","8","","3","0.0","","0.0","","3"
"0799","4","1","","","","","","","","1","","","","",""
"0799","4","2","","","","","","","","2","","","","",""
"0799","4","3","","","","","","","","3","","","","",""
"0799","1","1","","","","","","","","1","","","","",""
"0799","1","2","","","","","","","","2","","","","",""
"0799","1","3","","","","","","","","3","","","","",""
"0910","3","1","1","4.0","","180.0","","8","","1","180.0","","3.0","","3"
"0910","3","2","1","3.0","","0.0","","8","","2","0.0","","4.0","","3"
"0910","3","3","1","3.9","","0.0","","8","","3","0.0","","3.0","","3"
"0910","4","1","1","3.7","","270.0","","8","","1","270.0","","1.0","","3"
"0910","4","2","1","4.0","","270.0","","8","","2","270.0","","2.0","","3"
"0910","4","3","1","4.0","","90.0","","8","","3","90.0","","3.0","","3"
"0871","1","1","1","4.1","","0.0","","8","","1","0.0","","2.0","","3"
"0871","1","2","1","5.7","","270.0","","8","","2","270.0","","2.0","","3"
"0871","1","3","1","4.0","","180.0","","8","","3","180.0","","5.0","","3"
"0871","2","1","1","2.5","","180.0","","8","","1","180.0","","8.0","","3"
"0871","2","2","1","2.8","","270.0","","8","","2","270.0","","20.0","","3"
"0871","2","3","1","4.4","","180.0","","8","","3","180.0","","2.0","","3"
"0871","3","1","1","4.0","","180.0","","8","","1","180.0","","1.0","","3"
"0871","3","2","1","5.7","","180.0","","8","","2","180.0","","4.0","","3"
"0871","3","3","1","2.6","","180.0","","8","","3","180.0","","2.0","","3"
"0871","4","1","1","5.4","","270.0","","8","","1","270.0","","6.0","","3"
"0871","4","2","1","4.6","","270.0","","8","","2","270.0","","2.0","","3"
"0871","4","3","1","2.4","","90.0","","8","","3","90.0","","4.0","","3"
"0613","1","1","1","6.1","","270.0","","8","","1","270.0","","2.0","","3"
"0613","1","2","1","5.9","","0.0","","8","","2","0.0","","10.0","","3"
"0613","1","3","1","4.0","","180.0","","8","","3","180.0","","15.0","","3"
"0613","2","1","1","1.6","","90.0","","8","","1","90.0","","3.0","","3"
"0613","2","2","1","2.6","","90.0","","8","","2","90.0","","1.0","","3"
"0613","2","3","1","1.9","","250.0","","8","","3","250.0","","10.0","","3"
"0613","3","1","1","4.1","","270.0","","8","","1","270.0","","8.0","","3"
"0613","3","2","1","4.1","","180.0","","8","","2","180.0","","5.0","","3"
"0613","3","3","1","4.1","","0.0","","8","","3","0.0","","4.0","","3"
"0613","4","1","1","4.7","","270.0","","8","","1","270.0","","5.0","","3"
"0613","4","2","1","4.5","","180.0","","8","","2","180.0","","5.0","","3"
"0613","4","3","1","5.0","","190.0","","8","","3","190.0","","6.0","","3"
"0522","1","1","1","1.1","","90.0","","8","","1","90.0","","3.0","","3"
"0522","1","2","1","1.2","","90.0","","8","","2","90.0","","2.0","","3"
"0522","1","3","1","1.3","","90.0","","8","","3","90.0","","3.0","","3"
"0522","2","1","1","1.5","","90.0","","8","","1","90.0","","3.0","","3"
"0522","2","2","1","0.5","","180.0","","8","","2","180.0","","2.0","","3"
"0522","2","3","1","0.3","","200.0","","8","","3","200.0","","2.0","","3"
"0522","3","1","1","3.0","","90.0","","8","","1","90.0","","1.0","","3"
"0522","3","2","1","5.3","","90.0","","8","","2","90.0","","2.0","","3"
"0522","3","3","1","1.9","","180.0","","8","","3","180.0","","3.0","","3"
"0522","4","1","1","1.8","","180.0","","8","","1","180.0","","4.0","","3"
"0522","4","2","1","2.0","","180.0","","8","","2","180.0","","8.0","","3"
"0522","4","3","1","2.9","","180.0","","8","","3","180.0","","3.0","","3"
"0640","1","1","1","4.0","","0.0","","8","","1","0.0","","2.0","","3"
"0640","1","2","1","2.0","","0.0","","8","","2","0.0","","2.0","","3"
"0640","1","3","1","1.6","","270.0","","8","","3","270.0","","2.0","","3"
"0640","2","1","1","2.0","","90.0","","8","","1","90.0","","2.0","","3"
"0640","2","2","1","4.0","","270.0","","8","","2","270.0","","1.0","","3"
"0640","2","3","1","5.0","","270.0","","8","","3","270.0","","5.0","","3"
"0640","3","1","1","5.9","","180.0","","8","","1","180.0","","5.0","","3"
"0640","3","2","1","5.0","","180.0","","8","","2","180.0","","0.0","","3"
"0640","3","3","1","1.0","","0.0","","8","","3","0.0","","2.0","","3"
"0640","4","1","1","3.7","","270.0","","8","","1","270.0","","3.0","","3"
"0640","4","2","1","2.0","","270.0","","8","","2","270.0","","2.0","","3"
"0640","4","3","1","5.0","","90.0","","8","","3","90.0","","1.0","","3"
"0567","3","1","1","4.4","","180.0","","8","","1","180.0","","7.0","","3"
"0567","3","2","1","4.7","","90.0","","8","","2","90.0","","2.0","","3"
"0567","3","3","1","2.5","","45.0","","8","","3","45.0","","6.0","","3"
"0567","4","1","1","3.7","","160.0","","8","","1","160.0","","5.0","","3"
"0567","4","2","1","4.0","","200.0","","8","","2","200.0","","7.0","","3"
"0567","4","3","1","4.0","","90.0","","8","","3","90.0","","8.0","","3"
"0567","1","1","1","4.3","","90.0","","8","","1","90.0","","3.0","","3"
"0567","1","2","1","7.9","","45.0","","8","","2","45.0","","4.0","","3"
"0567","1","3","1","7.0","","0.0","","8","","3","0.0","","4.0","","3"
"0567","2","1","1","5.4","","90.0","","8","","1","90.0","","2.0","","3"
"0567","2","2","1","5.2","","160.0","","8","","2","160.0","","2.0","","3"
"0567","2","3","1","1.4","","200.0","","8","","3","200.0","","10.0","","3"
"0435","1","1","1","0.0","","0.0","","8","","1","0.0","","0.0","","3"
"0435","1","2","1","0.0","","0.0","","8","","2","0.0","","1.0","","3"
"0435","1","3","1","0.0","","180.0","","8","","3","180.0","","3.0","","3"
"0435","2","1","1","0.0","","90.0","","8","","1","90.0","","2.0","","3"
"0435","2","2","1","0.0","","90.0","","8","","2","90.0","","0.0","","3"
"0435","2","3","1","0.0","","90.0","","8","","3","90.0","","3.0","","3"
"0435","3","1","1","0.0","","180.0","","8","","1","180.0","","2.0","","4"
"0435","3","2","1","0.0","","180.0","","8","","2","180.0","","2.0","","3"
"0435","3","3","1","0.0","","0.0","","8","","3","0.0","","0.0","","3"
"0435","4","1","1","0.0","","270.0","","8","","1","270.0","","0.0","","3"
"0435","4","2","1","0.0","","270.0","","8","","2","270.0","","0.0","","3"
"0435","4","3","1","0.0","","90.0","","8","","3","90.0","","0.0","","3"
"0518","1","1","1","0.0","","0.0","","8","","1","0.0","","0.0","","3"
"0518","1","2","1","0.0","","0.0","","8","","2","0.0","","0.0","","3"
"0518","1","3","1","0.0","","180.0","","8","","3","180.0","","0.0","","3"
"0518","2","1","1","0.0","","90.0","","8","","1","90.0","","0.0","","3"
"0518","2","2","1","0.0","","90.0","","8","","2","90.0","","0.0","","3"
"0518","2","3","1","5.0","","270.0","","8","","3","270.0","","0.0","","4"
"0518","3","1","1","0.0","","180.0","","8","","1","180.0","","0.0","","4"
"0518","3","2","1","0.0","","180.0","","8","","2","180.0","","0.0","","4"
"0518","3","3","1","0.0","","0.0","","8","","3","0.0","","0.0","","4"
"0518","4","1","1","0.0","","270.0","","8","","1","270.0","","0.0","","4"
"0518","4","2","1","0.0","","270.0","","8","","2","270.0","","0.0","","4"
"0518","4","3","1","0.0","","90.0","","8","","3","90.0","","0.0","","3"
"0558","1","1","1","2.5","","0.0","","8","","1","0.0","","0.0","","3"
"0558","1","2","1","2.5","","0.0","","8","","2","0.0","","0.0","","3"
"0558","1","3","1","2.5","","180.0","","8","","3","180.0","","0.0","","3"
"0558","2","1","1","1.6","","90.0","","8","","1","90.0","","0.0","","3"
"0558","2","2","1","2.5","","90.0","","8","","2","90.0","","0.0","","3"
"0558","2","3","1","3.2","","270.0","","8","","3","270.0","","0.0","","3"
"0558","3","1","1","3.5","","180.0","","8","","1","180.0","","0.0","","3"
"0558","3","2","1","3.5","","180.0","","8","","2","180.0","","0.0","","3"
"0558","3","3","1","3.0","","0.0","","8","","3","0.0","","0.0","","3"
"0558","4","1","1","2.3","","270.0","","8","","1","270.0","","0.0","","3"
"0558","4","2","1","2.3","","270.0","","8","","2","270.0","","0.0","","3"
"0558","4","3","1","1.8","","90.0","","8","","3","90.0","","0.0","","3"
"0614","1","1","1","1.8","","0.0","","8","","1","0.0","","0.0","","3"
"0614","1","2","1","3.0","","0.0","","8","","2","0.0","","5.0","","3"
"0614","1","3","1","4.4","","180.0","","8","","3","180.0","","8.0","","3"
"0614","2","1","1","2.6","","90.0","","8","","1","90.0","","2.0","","3"
"0614","2","2","1","4.2","","90.0","","8","","2","90.0","","6.0","","3"
"0614","2","3","1","6.7","","180.0","","8","","3","180.0","","4.0","","3"
"0614","3","1","1","3.5","","120.0","","8","","1","120.0","","10.0","","3"
"0614","3","2","1","5.0","","0.0","","8","","2","0.0","","7.0","","3"
"0614","3","3","1","3.6","","90.0","","8","","3","90.0","","2.0","","3"
"0614","4","1","1","2.6","","270.0","","8","","1","270.0","","5.0","","3"
"0614","4","2","1","5.1","","180.0","","8","","2","180.0","","5.0","","3"
"0614","4","3","1","4.7","","180.0","","8","","3","180.0","","11.0","","3"
"0615","3","1","1","2.9","","180.0","","8","","1","180.0","","15.0","","3"
"0615","3","2","1","4.1","","0.0","","8","","2","0.0","","4.0","","3"
"0615","3","3","1","6.9","","90.0","","8","","3","90.0","","5.0","","3"
"0615","4","1","1","4.1","","180.0","","8","","1","180.0","","17.0","","3"
"0615","4","2","1","7.0","","180.0","","8","","2","180.0","","6.0","","3"
"0615","4","3","1","8.4","","110.0","","8","","3","110.0","","5.0","","3"
"0615","1","1","1","2.7","","0.0","","8","","1","0.0","","8.0","","3"
"0615","1","2","1","3.0","","0.0","","8","","2","0.0","","11.0","","3"
"0615","1","3","1","5.4","","180.0","","8","","3","180.0","","5.0","","3"
"0615","2","1","1","3.1","","90.0","","8","","1","90.0","","7.0","","3"
"0615","2","2","1","4.7","","85.0","","8","","2","85.0","","7.0","","3"
"0615","2","3","1","7.2","","220.0","","8","","3","220.0","","7.0","","3"
"0557","2","1","1","0.0","","90.0","","8","","1","90.0","","0.0","","3"
"0557","2","2","1","5.0","","90.0","","8","","2","90.0","","0.0","","3"
"0557","2","3","1","0.0","","270.0","","8","","3","270.0","","0.0","","3"
"0557","3","1","1","0.0","","180.0","","8","","1","180.0","","0.0","","3"
"0557","3","2","1","0.0","","180.0","","8","","2","180.0","","0.0","","3"
"0557","3","3","1","0.0","","0.0","","8","","3","0.0","","0.0","","3"
"0557","4","1","1","5.0","","270.0","","8","","1","270.0","","0.0","","3"
"0557","4","2","1","5.0","","270.0","","8","","2","270.0","","0.0","","3"
"0557","4","3","1","5.0","","90.0","","8","","3","90.0","","0.0","","3"
"0557","1","1","1","5.0","","0.0","","8","","1","0.0","","0.0","","0"
"0557","1","2","1","0.0","","0.0","","8","","2","0.0","","0.0","","3"
"0557","1","3","1","5.0","","180.0","","8","","3","180.0","","0.0","","3"
"0825","1","1","1","1.8","","180.0","","8","","1","180.0","","6.0","","3"
"0825","1","2","1","1.9","","180.0","","8","","2","180.0","","5.0","","3"
"0825","1","3","1","1.5","","180.0","","8","","3","180.0","","5.0","","3"
"0825","2","1","1","1.6","","180.0","","8","","1","180.0","","4.0","","3"
"0825","2","2","1","1.5","","180.0","","8","","2","180.0","","4.0","","3"
"0825","2","3","1","2.5","","180.0","","8","","3","180.0","","3.0","","3"
"0825","3","1","1","1.5","","270.0","","8","","1","270.0","","2.0","","3"
"0825","3","2","1","3.0","","270.0","","8","","2","270.0","","5.0","","3"
"0825","3","3","1","3.1","","180.0","","8","","3","180.0","","5.0","","3"
"0825","4","1","1","3.1","","225.0","","8","","1","225.0","","4.0","","3"
"0825","4","2","1","5.1","","180.0","","8","","2","180.0","","4.0","","3"
"0825","4","3","1","4.1","","180.0","","8","","3","180.0","","2.0","","3"
"0594","1","1","1","1.9","","0.0","","8","","1","0.0","","6.0","","3"
"0594","1","2","1","1.0","","0.0","","8","","2","0.0","","5.0","","3"
"0594","1","3","1","1.1","","0.0","","8","","3","0.0","","4.0","","3"
"0594","2","1","1","3.2","","180.0","","8","","1","180.0","","12.0","","3"
"0594","2","2","1","1.2","","270.0","","8","","2","270.0","","20.0","","3"
"0594","2","3","1","1.7","","270.0","","8","","3","270.0","","8.0","","3"
"0594","3","1","1","1.9","","180.0","","8","","1","180.0","","7.0","","4"
"0594","3","2","1","2.0","","180.0","","8","","2","180.0","","6.0","","3"
"0594","3","3","1","7.0","","0.0","","8","","3","0.0","","4.0","","3"
"0594","4","1","1","2.3","","0.0","","8","","1","0.0","","9.0","","3"
"0594","4","2","1","2.3","","0.0","","8","","2","0.0","","15.0","","3"
"0594","4","3","1","1.0","","0.0","","8","","3","0.0","","7.0","","3"
"0445","4","1","1","1.0","","270.0","","8","","1","270.0","","1.0","","3"
"0445","4","2","1","2.5","","270.0","","8","","2","270.0","","0.0","","3"
"0445","4","3","1","2.4","","90.0","","8","","3","90.0","","0.0","","3"
"0445","1","1","1","1.0","","0.0","","8","","1","0.0","","0.0","","3"
"0445","1","2","1","2.8","","0.0","","8","","2","0.0","","0.0","","3"
"0445","1","3","1","7.8","","180.0","","8","","3","180.0","","0.0","","3"
"0445","2","1","1","2.4","","90.0","","8","","1","90.0","","0.0","","3"
"0445","2","2","1","0.3","","90.0","","8","","2","90.0","","0.0","","3"
"0445","2","3","1","3.0","","270.0","","8","","3","270.0","","0.0","","3"
"0445","3","1","1","2.4","","180.0","","8","","1","180.0","","2.0","","3"
"0445","3","2","1","0.5","","180.0","","8","","2","180.0","","1.0","","3"
"0445","3","3","1","1.8","","0.0","","8","","3","0.0","","1.0","","3"
"0432","1","1","1","2.0","","0.0","","4","","1","0.0","","0.0","","3"
"0432","1","2","1","3.0","","0.0","","8","","2","0.0","","0.0","","3"
"0432","1","3","1","2.0","","180.0","","8","","3","180.0","","0.0","","3"
"0432","2","1","1","6.0","","90.0","","3","","1","90.0","","0.0","","3"
"0432","2","2","1","0.4","","90.0","","8","","2","90.0","","3.0","","3"
"0432","2","3","1","1.7","","270.0","","8","","3","270.0","","2.0","","3"
"0432","3","1","1","3.1","","180.0","","4","","1","180.0","","3.0","","3"
"0432","3","2","2","2.1","","180.0","","8","","2","180.0","","0.0","","3"
"0432","3","3","2","4.8","","0.0","","5","","3","0.0","","1.0","","3"
"0432","4","1","1","3.4","","270.0","","8","","1","270.0","","0.0","","3"
"0432","4","2","1","0.6","","270.0","","8","","2","270.0","","0.0","","3"
"0432","4","3","1","3.0","","90.0","","3","","3","90.0","","2.0","","3"
"0901","3","1","1","4.3","","180.0","","8","","1","180.0","","12.0","","3"
"0901","3","2","1","2.3","","180.0","","8","","2","180.0","","4.0","","3"
"0901","3","3","1","2.6","","180.0","","8","","3","180.0","","0.0","","3"
"0901","4","1","1","1.9","","270.0","","8","","1","270.0","","10.0","","3"
"0901","4","2","1","2.7","","270.0","","8","","2","270.0","","6.0","","3"
"0901","4","3","1","1.6","","90.0","","8","","3","90.0","","1.0","","3"
"0901","1","1","1","1.2","","260.0","","8","","1","260.0","","5.0","","3"
"0901","1","2","1","1.4","","270.0","","8","","2","270.0","","10.0","","3"
"0901","1","3","1","1.4","","180.0","","8","","3","180.0","","5.0","","3"
"0901","2","1","1","2.4","","270.0","","8","","1","270.0","","8.0","","3"
"0901","2","2","1","1.5","","180.0","","8","","2","180.0","","8.0","","3"
"0901","2","3","1","1.6","","270.0","","8","","3","270.0","","5.0","","3"
"0899","1","1","1","4.3","","0.0","","8","","1","0.0","","1.0","","3"
"0899","1","2","1","3.0","","0.0","","8","","2","0.0","","2.0","","3"
"0899","1","3","1","2.0","","180.0","","8","","3","180.0","","2.0","","3"
"0899","2","1","1","7.0","","90.0","","8","","1","90.0","","0.0","","3"
"0899","2","2","1","6.0","","90.0","","8","","2","90.0","","3.0","","3"
"0899","2","3","1","5.0","","90.0","","8","","3","90.0","","0.0","","3"
"0899","3","1","1","1.0","","180.0","","8","","1","180.0","","0.0","","3"
"0899","3","2","2","5.0","","180.0","","8","","2","180.0","","4.0","","3"
"0899","3","3","2","4.0","","0.0","","8","","3","0.0","","0.0","","3"
"0899","4","1","1","1.5","","270.0","","8","","1","270.0","","2.0","","3"
"0899","4","2","1","1.1","","270.0","","8","","2","270.0","","2.0","","3"
"0899","4","3","1","6.0","","90.0","","8","","3","90.0","","2.0","","0"
"0644","4","1","1","2.8","","330.0","","8","","1","330.0","","7.0","","3"
"0644","4","2","1","17.0","","270.0","","8","","2","270.0","","3.0","","4"
"0644","4","3","2","8.0","","90.0","","8","","3","90.0","","5.0","","2"
"0644","1","1","1","2.0","","0.0","","8","","1","0.0","","2.0","","3"
"0644","1","2","1","1.3","","0.0","","8","","2","0.0","","10.0","","3"
"0644","1","3","2","9.8","","270.0","","8","","3","270.0","","2.0","","3"
"0644","2","1","1","4.6","","270.0","","8","","1","270.0","","5.0","","3"
"0644","2","2","2","3.0","","180.0","","8","","2","180.0","","0.0","","3"
"0644","2","3","2","2.3","","270.0","","8","","3","270.0","","2.0","","3"
"0644","3","1","1","2.7","","270.0","","8","","1","270.0","","2.0","","3"
"0644","3","2","1","2.3","","270.0","","8","","2","270.0","","2.0","","3"
"0644","3","3","1","3.1","","210.0","","8","","3","210.0","","4.0","","3"
"0559","1","1","1","5.0","","0.0","","8","","1","0.0","","0.0","","3"
"0559","1","2","1","8.0","","180.0","","8","","2","180.0","","0.0","","4"
"0559","1","3","1","5.0","","180.0","","8","","3","180.0","","0.0","","3"
"0559","2","1","1","0.0","","90.0","","8","","1","90.0","","0.0","","3"
"0559","2","2","1","6.0","","90.0","","8","","2","90.0","","0.0","","3"
"0559","2","3","1","5.0","","270.0","","8","","3","270.0","","0.0","","4"
"0559","3","1","1","5.0","","180.0","","8","","1","180.0","","0.0","","3"
"0559","3","2","1","5.0","","180.0","","8","","2","180.0","","0.0","","3"
"0559","3","3","1","5.0","","0.0","","8","","3","0.0","","0.0","","3"
"0559","4","1","1","5.0","","270.0","","8","","1","270.0","","0.0","","3"
"0559","4","2","1","0.0","","270.0","","8","","2","270.0","","0.0","","3"
"0559","4","3","1","5.0","","90.0","","8","","3","90.0","","0.0","","3"
"0879","2","1","1","2.8","","90.0","","8","","1","90.0","","10.0","","3"
"0879","2","2","1","2.0","","90.0","","8","","2","90.0","","8.0","","3"
"0879","2","3","1","1.8","","90.0","","8","","3","90.0","","5.0","","3"
"0879","3","1","1","2.8","","90.0","","8","","1","90.0","","5.0","","3"
"0879","3","2","1","1.8","","90.0","","8","","2","90.0","","5.0","","3"
"0879","3","3","1","1.9","","90.0","","8","","3","90.0","","1.0","","3"
"0879","4","1","1","2.6","","90.0","","8","","1","90.0","","6.0","","3"
"0879","4","2","1","2.8","","90.0","","8","","2","90.0","","2.0","","3"
"0879","4","3","1","1.7","","90.0","","8","","3","90.0","","2.0","","3"
"0879","1","1","1","1.2","","0.0","","8","","1","0.0","","3.0","","3"
"0879","1","2","1","1.8","","0.0","","8","","2","0.0","","1.0","","3"
"0879","1","3","1","1.8","","180.0","","8","","3","180.0","","2.0","","3"
"0676","1","1","1","3.9","","0.0","","8","","1","0.0","","1.0","","3"
"0676","1","2","1","5.2","","270.0","","8","","2","270.0","","2.0","","3"
"0676","1","3","1","5.8","","90.0","","8","","3","90.0","","8.0","","3"
"0676","2","1","1","3.6","","90.0","","8","","1","90.0","","4.0","","3"
"0676","2","2","1","4.8","","90.0","","8","","2","90.0","","2.0","","3"
"0676","2","3","1","6.9","","270.0","","8","","3","270.0","","10.0","","3"
"0676","3","1","1","1.2","","220.0","","8","","1","220.0","","1.0","","3"
"0676","3","2","1","5.0","","90.0","","8","","2","90.0","","3.0","","3"
"0676","3","3","1","4.5","","90.0","","8","","3","90.0","","3.0","","3"
"0676","4","1","1","3.5","","270.0","","8","","1","270.0","","6.0","","3"
"0676","4","2","1","2.3","","270.0","","8","","2","270.0","","15.0","","3"
"0676","4","3","1","4.0","","0.0","","8","","3","0.0","","2.0","","3"
"0783","1","1","1","0.0","","0.0","","8","","1","0.0","","0.0","","3"
"0783","1","2","1","0.0","","45.0","","8","","2","45.0","","0.0","","3"
"0783","1","3","1","0.0","","180.0","","8","","3","180.0","","0.0","","3"
"0783","2","1","1","0.0","","90.0","","8","","1","90.0","","0.0","","3"
"0783","2","2","1","0.0","","90.0","","8","","2","90.0","","0.0","","2"
"0783","2","3","1","0.0","","90.0","","8","","3","90.0","","0.0","","3"
"0783","3","1","1","0.0","","180.0","","1","","1","180.0","","0.0","","2"
"0783","3","2","1","0.0","","185.0","","1","","2","185.0","","0.0","","2"
"0783","3","3","1","0.0","","180.0","","8","","3","180.0","","0.0","","3"
"0783","4","1","1","0.0","","225.0","","1","","1","225.0","","0.0","","2"
"0783","4","2","1","0.0","","270.0","","1","","2","270.0","","0.0","","2"
"0783","4","3","1","0.0","","90.0","","1","","3","90.0","","0.0","","2"
"0803","1","1","1","2.0","","180.0","","8","","1","180.0","","5.0","","3"
"0803","1","2","1","1.5","","0.0","","8","","2","0.0","","5.0","","3"
"0803","1","3","1","1.4","","180.0","","8","","3","180.0","","7.0","","3"
"0803","2","1","1","2.4","","180.0","","8","","1","180.0","","4.0","","3"
"0803","2","2","1","0.9","","180.0","","8","","2","180.0","","1.0","","3"
"0803","2","3","1","1.2","","180.0","","8","","3","180.0","","1.0","","3"
"0803","3","1","1","1.0","","180.0","","8","","1","180.0","","3.0","","3"
"0803","3","2","1","1.1","","180.0","","8","","2","180.0","","1.0","","3"
"0803","3","3","1","1.8","","180.0","","8","","3","180.0","","3.0","","3"
"0803","4","1","1","3.3","","180.0","","8","","1","180.0","","2.0","","3"
"0803","4","2","1","3.0","","180.0","","8","","2","180.0","","3.0","","3"
"0803","4","3","1","2.6","","180.0","","8","","3","180.0","","4.0","","3"
"0872","1","1","1","3.1","","90.0","","8","","1","90.0","","2.0","","3"
"0872","1","2","1","6.1","","0.0","","8","","2","0.0","","4.0","","3"
"0872","1","3","1","6.1","","180.0","","8","","3","180.0","","3.0","","3"
"0872","2","1","1","6.3","","90.0","","8","","1","90.0","","3.0","","3"
"0872","2","2","1","4.7","","90.0","","8","","2","90.0","","8.0","","3"
"0872","2","3","1","6.8","","270.0","","8","","3","270.0","","20.0","","3"
"0872","3","1","1","0.8","","180.0","","8","","1","180.0","","5.0","","3"
"0872","3","2","1","1.4","","180.0","","8","","2","180.0","","5.0","","3"
"0872","3","3","1","2.5","","0.0","","8","","3","0.0","","5.0","","3"
"0872","4","1","1","3.5","","270.0","","8","","1","270.0","","8.0","","3"
"0872","4","2","1","1.9","","270.0","","8","","2","270.0","","6.0","","3"
"0872","4","3","1","5.5","","180.0","","8","","3","180.0","","8.0","","3"
"0641","2","1","1","2.6","","90.0","","8","","1","90.0","","4.0","","3"
"0641","2","2","1","2.5","","90.0","","8","","2","90.0","","2.0","","3"
"0641","2","3","1","2.6","","90.0","","8","","3","90.0","","4.0","","3"
"0641","1","1","1","7.4","","330.0","","8","","1","330.0","","4.0","","3"
"0641","1","2","2","2.6","","180.0","","8","","2","180.0","","2.0","","3"
"0641","1","3","2","4.7","","180.0","","8","","3","180.0","","1.0","","3"
"0641","3","1","1","3.3","","90.0","","8","","1","90.0","","4.0","","3"
"0641","3","2","1","6.0","","270.0","","8","","2","270.0","","4.0","","3"
"0641","3","3","1","5.3","","0.0","","8","","3","0.0","","0.0","","3"
"0641","4","1","","","","","","","","1","","","","",""
"0641","4","2","","","","","","","","2","","","","",""
"0641","4","3","","","","","","","","3","","","","",""
"0519","2","1","1","1.2","","90.0","","8","","1","90.0","","10.0","","3"
"0519","2","2","1","1.3","","90.0","","8","","2","90.0","","0.0","","3"
"0519","2","3","1","1.8","","270.0","","8","","3","270.0","","0.0","","3"
"0519","3","1","1","4.6","","90.0","","7","","1","90.0","","3.0","","3"
"0519","3","2","1","3.2","","240.0","","8","","2","240.0","","5.0","","3"
"0519","3","3","1","1.5","","180.0","","8","","3","180.0","","0.0","","3"
"0952","3","1","1","1.5","","180.0","","8","","1","180.0","","3.0","","3"
"0952","3","2","1","4.3","","180.0","","8","","2","180.0","","2.0","","3"
"0952","3","3","1","2.7","","350.0","","8","","3","350.0","","1.0","","3"
"0952","4","11","1","0.8","","270.0","","8","","1","270.0","","2.0","","3"
"0952","4","2","","","","","","","","2","","","","",""
"0952","4","3","","","","","","","","3","","","","",""
"0952","1","1","1","2.6","","0.0","","8","","1","0.0","","8.0","","3"
"0952","1","2","1","2.8","","180.0","","8","","2","180.0","","4.0","","3"
"0952","1","3","1","1.6","","20.0","","8","","3","20.0","","12.0","","3"
