"su_su_no","plot_no","plot_access_plot_location_given_srs","plot_access_plot_location_given_x","plot_access_plot_location_given_y","plot_access_plot_starting_position_srs","plot_access_plot_starting_position_x","plot_access_plot_starting_position_y","plot_access_plot_start_time_hour","plot_access_plot_start_time_minute","plot_access_plot_end_time_hour","plot_access_plot_end_time_minute","time_work_within_plot_day_1_date_day_1_year","time_work_within_plot_day_1_date_day_1_month","time_work_within_plot_day_1_date_day_1_day","time_work_within_plot_day_1_plot_start_time_d1_hour","time_work_within_plot_day_1_plot_start_time_d1_minute","time_work_within_plot_day_1_plot_end_time_d1_hour","time_work_within_plot_day_1_plot_end_time_d1_minute","time_work_within_plot_day_2_date_day_2_year","time_work_within_plot_day_2_date_day_2_month","time_work_within_plot_day_2_date_day_2_day","time_work_within_plot_day_2_plot_start_time_d2_hour","time_work_within_plot_day_2_plot_start_time_d2_minute","time_work_within_plot_day_2_plot_end_time_d2_hour","time_work_within_plot_day_2_plot_end_time_d2_minute","middle_point_plot_middle_point_srs","middle_point_plot_middle_point_x","middle_point_plot_middle_point_y","plot_notes","plot_plan_plot_end_point_srs","plot_plan_plot_end_point_x","plot_plan_plot_end_point_y","plot_plan_plot_plan_scan","plot_plan_total_lucs_found","tree_notes","csp_tree_notes","rsp_shrub_notes","fallen_deadwood_notes","subplots_notes"
"0434","1","EPSG:32635","606499.0","1372652.0","EPSG:32635","606496.097544312","1372650.23859151","12","30","12","36","2017","12","15","12","37","13","24","","","","","","","","EPSG:32635","606504.620903025","1372770.54404402","","EPSG:32635","606497.935768552","1372897.95066153","29826_125.jpg","2","","No small trees to measure in Csp1 , CSP2AND Csp3","No shrubs and bushes to measure in Rsp1 , RSP2","No fallen dead wood in FDT1, FDT2 and FDT3",""
"0434","2","EPSG:32635","606499.0","1373152.0","EPSG:32635","606499.505506087","1373150.9569569","13","25","13","31","2017","12","15","13","32","14","10","","","","","","","","EPSG:32635","606622.534583208","1373151.56144867","","EPSG:32635","606746.727149194","1373143.24982477","29826_356.jpg","3","Tree number one it's have two branches more than 20 cm.","No small trees to measure in Csp1, CSP2AND Csp3","No shrub and bushes in Rsp1 , RSP2AND","No fallen dead wood in FDT2",""
"0434","3","EPSG:32635","606999.0","1373152.0","EPSG:32635","606995.150975533","1373152.6951487","14","10","14","18","2017","12","15","14","18","15","51","","","","","","","","EPSG:32635","606996.892617597","1373031.06919256","","EPSG:32635","607002.18236986","1372901.37740166","29826_700.jpg","2","No tree to measure only shrub and bushes  ( Calatrobis procera- Leptedienya pyrotecnica- Guera so.)","No small trees to measure in Csp1","","",""
"0434","4","EPSG:32635","606999.0","1372652.0","EPSG:32635","606996.729187829","1372651.97962098","15","51","15","58","2017","12","15","16","0","16","32","","","","","","","","EPSG:32635","606868.294032434","1372657.65941347","","EPSG:32635","606753.642978985","1372652.40445409","29826_937.jpg","2","","No small trees to measure in Csp1 , Csp2and Csp3","No shrub and bushes to measure in Rsp1 ,Rsp2  and Rsp3","No fallen dead wood in FDT1, Fdt2 andFdt3",""
"0928","1","EPSG:32635","565432.0","1181421.0","EPSG:32635","565429.544085407","1181420.83160197","9","30","9","32","2018","2","17","9","32","10","36","","","","","","","","EPSG:32635","565443.776696422","1181548.39837171","","EPSG:32635","565428.441723391","1181667.76115336","38596_107.jpg","1","","No small trees  in csp2andcsp3","No shrub and bushes  in RSP2 andRsp3","No fallen dead wood in FDT1 and FDT2",""
"0928","2","EPSG:32635","565432.0","1181921.0","EPSG:32635","565425.998522027","1181918.33222996","10","35","10","40","2018","2","17","10","41","12","14","","","","","","","","EPSG:32635","565555.556892683","1181924.38991692","","EPSG:32635","565682.24455222","1181914.45143617","38596_579.jpg","1","","No small treanes to measture  in Cp1 and Csp2and Csp3","No shurb and bushes  in Rsp1and RSP3","No fallen dead wood in FDT1 and FDT2",""
"0928","3","EPSG:32635","565932.0","1181921.0","EPSG:32635","565931.263754954","1181913.77152385","12","14","13","53","2018","2","17","13","56","15","9","","","","","","","","EPSG:32635","565933.164429155","1181795.24880698","","EPSG:32635","565941.988522912","1181673.75283871","38596_2119.jpg","","","No small trees  in Csp1","No shrubs and bushes  in Rsp1andRsp2","No fallen dead wood in FDT1 andFdt2",""
"0928","4","EPSG:32635","565932.0","1181421.0","EPSG:32635","565935.990228857","1181422.68249599","15","9","15","15","2018","2","17","15","16","16","15","","","","","","","","EPSG:32635","565814.043404922","1181424.28155711","","EPSG:32635","565669.467148099","1181428.4258618","38596_3106.jpg","1","","No small trees in Csp1","No shrub and bushes in Rsp1  and R2and RSP3","No fallen dead wood in FDT2 and FDT3",""
"0689","1","EPSG:32635","628708.0","1124592.0","EPSG:32635","628710.154650832","1124596.40664435","9","40","9","42","2018","2","22","9","43","11","5","","","","","","","","EPSG:32635","628699.416670726","1124714.55399652","Easy to access plot1","EPSG:32635","628707.117189325","1124842.97398375","51844_114.jpg","1","","No small trees in Csp1, csp2 and Csp3","No shrubs and bushes in Rsp1, Rsp2 andRsp3  Rsp2","No fallen dead wood in FDT1, FDT2AND FDT3",""
"0689","2","EPSG:32635","628708.0","1125092.0","EPSG:32635","628707.561178705","1125091.49509315","11","7","11","12","2018","2","22","11","12","12","15","","","","","","","","EPSG:32635","628830.502911651","1125085.0402185","Easy to access plot 2","EPSG:32635","628951.389355362","1125092.81501112","51844_1297.jpg","1","","No small trees  inCsp1, Csp2 and Csp3","No shrub and bushes in Rsp1, Rsp2 andRsp3","No fallen dead wood in FDT1, FDT2 and FDT3",""
"0689","3","EPSG:32635","629208.0","1125092.0","EPSG:32635","629205.727856194","1125089.26203107","12","15","14","1","2018","2","22","14","2","14","52","","","","","","","","EPSG:32635","629206.535996893","1124965.92086684","It's easy to access","EPSG:32635","629204.299292088","1124846.09039261","51844_2450.jpg","1","","No small trees in Csp1 and csp2 andcsp3","No shrub and bushes in Rsp1 and Rsp2 andRsp3","No fallen dead wood in FDT1 and FDT3",""
"0689","4","EPSG:32635","629208.0","1124592.0","EPSG:32635","629210.378422918","1124586.57241718","14","57","16","2","2018","2","22","14","57","16","2","","","","","","","","EPSG:32635","629082.810980384","1124584.17100644","It's easy to access","EPSG:32635","628960.90272036","1124591.69279219","51844_3242.jpg","2","","No small trees to measure in Csp2 and Csp3","No shrub and bushes in Rsp1, RSP2","No fallen dead wood in FDT2 and  FDT3",""
"0692","2","EPSG:32635","754947.0","1125955.0","EPSG:32635","754940.263416202","1125948.22787656","8","15","8","20","2018","2","28","8","22","9","30","","","","","","","","EPSG:32635","755072.103358737","1125958.12749115","","EPSG:32635","755191.484770005","1125957.07617115","62212_114.jpg","1","","No small trees to measure in CSP2 and Csp3","No shrub and bushes in Rsp1 and Rsp2 and Rsp3","No fallen dead wood in FDT1 and FDT2 and FDT3","No fallen dead wood in FDT1"
"0692","3","EPSG:32635","755447.0","1125955.0","EPSG:32635","755460.69113254","1125949.86095285","9","30","9","42","2018","2","28","9","37","11","13","","","","","","","","EPSG:32635","755467.6859652","1125831.69877889","","EPSG:32635","755451.597209198","1125706.01863976","62212_1279.jpg","2","","","No shrub and bushes in Rsp1 ,Rsp2 andRsp3","No fallen dead wood in FDT1 andFdt3",""
"0692","4","EPSG:32635","755447.0","1125455.0","EPSG:32635","755451.927798863","1125451.73620352","11","12","13","30","2018","2","28","14","29","","","","","","","","","","","","","","EPSG:32635","755190.685141911","1125455.91232534","62212_2898.jpg","1","","","No shrub and bushes in Rsp1","",""
"0692","1","EPSG:32635","754947.0","1125455.0","EPSG:32635","754948.794674174","1125454.86208467","14","37","14","48","2018","2","28","14","48","15","58","","","","","","","","EPSG:32635","754946.936942001","1125579.88852213","","EPSG:32635","754953.173345744","1125701.75281145","62212_3248.jpg","1","","No small trees to measure in Csp2","No shrub and bushes in Rsp1 and Rsp2 and Rsp3","No fallen dead wood in FDT1 and FDT2",""
"0695","1","EPSG:32636","265848.0","1125645.0","EPSG:32636","265838.78194083","1125646.19843922","8","35","8","50","2018","4","12","8","50","10","40","","","","","","","","EPSG:32636","265842.473249967","1125770.60341887","","EPSG:32636","265848.154539053","1125895.79571834","102726_110.jpg","2","","No small trees to measure in Csp1, CSP2AND Csp3","No shrub and bushes in Rsp1, Rsp2and Rsp3","No fallen dead wood in FDT1, Fdt2 and FDT3",""
"0695","2","EPSG:32636","265848.0","1126145.0","EPSG:32636","265848.0","1126145.0","10","40","11","50","2018","4","12","11","50","12","43","","","","","","","","EPSG:32636","265973.0","1126144.0","","EPSG:32636","265609.0","1126143.0","","1","","No small trees to measure in Csp1, Csp2 and Csp3","No shrub and bushes in Rsp1, Rsp2 and Rsp3","No fallen dead wood in FDT1, Fdt2 andFdt3",""
"0695","3","EPSG:32636","266348.0","1126145.0","","","","14","53","","","2018","4","12","14","53","","","","","","","","","","","","","","EPSG:32636","266357.259217175","1125904.51768696","102726_2065.jpg","2","","No small trees to measure in Csp1, Csp2and Csp3","No shrub and bushes in Rsp1, Rsp2 and Rsp3","No fallen dead wood in FDT1, Fdt2 andFdt3",""
"0695","4","EPSG:32636","266348.0","1125645.0","EPSG:32636","266340.050135184","1125640.11888199","14","2","14","12","2018","4","12","14","12","15","40","","","","","","","","EPSG:32636","266227.796799168","1125643.1498267","","EPSG:32636","266101.074879511","1125655.89022944","102726_2227.jpg","2","","No small trees to measure in Csp1, CSP2 and Csp3","No shrub and bushes in Rsp1, Rsp2and Rsp3","No fallen dead wood in FDT1, FDT2 and FDT3",""
"0543","1","EPSG:32636","350366.0","1354417.0","EPSG:32636","350361.911035331","1354422.82796715","14","7","14","12","2018","4","25","14","13","14","40","","","","","","","","EPSG:32636","350360.773024967","1354545.1410936","","EPSG:32636","350363.815038966","1354667.75201566","122824_125.jpg","1","","No small trees to measure in Csp1, Csp2and Csp3","No shrub and bushes in Rsp1, Rsp2 and Rsp3","No fallen dead wood in FDT1, Fdt2 andFdt3",""
"0543","2","EPSG:32636","350366.0","1354917.0","EPSG:32636","350363.378359707","1354917.5387817","14","40","14","47","2018","4","25","14","47","14","58","","","","","","","","EPSG:32636","350483.979003326","1354915.75044182","","EPSG:32636","350613.93363085","1354918.22402569","122824_297.jpg","1","","No small trees to measure in Csp1, Csp2and Csp3","No shrub and bushes in Rsp1, Rsp2 and Rsp3","NO fallen dead wood in FDT1, Fdt2 andFdt3",""
"0543","3","EPSG:32636","350866.0","1354917.0","EPSG:32636","350864.779003382","1354919.55064739","14","59","15","3","2018","4","25","15","4","15","18","","","","","","","","EPSG:32636","350866.492293486","1354794.57044268","","EPSG:32636","350860.379476746","1354668.49338013","122824_469.jpg","1","","No small trees to measure in Csp1, Csp2and Csp3","No shrub and bushes in Rsp1, Rsp2 and Rsp3","No fallen dead wood in FDT1, Fdt2 andFdt3",""
"0543","4","EPSG:32636","350866.0","1354417.0","EPSG:32636","350863.956384794","1354413.75398385","15","18","15","22","2018","4","25","15","22","17","39","","","","","","","","EPSG:32636","350743.267875688","1354415.69752872","","EPSG:32636","350617.147406287","1354416.31004199","122824_629.jpg","1","","No small trees to measure in Csp1, Csp2and Csp3","No shrub and bushes in Rsp1, Rsp2 and Rsp3","No fallen dead wood in FDT1, Fdt2 andFdt3",""
"0960","1","EPSG:32636","244889.0","1144769.0","EPSG:32636","244886.689094649","1144766.79783481","10","44","10","49","2018","4","11","10","50","11","45","","","","","","","","EPSG:32636","244894.007978139","1144896.73646892","","EPSG:32636","244885.361900652","1145017.52445967","99659_125.jpg","2","","No small trees to measure in Csp1 , Csp2 andRsp3","No shrub and bushes in Rsp1, Rsp2 andRsp3","No fallen dead wood in FDT1 , Fdt2 andFdt3",""
"0960","2","EPSG:32636","244889.0","1145269.0","EPSG:32636","244882.288524627","1145270.60252378","11","46","11","51","2018","4","11","11","51","12","42","","","","","","","","EPSG:32636","245017.387809427","1145265.51591185","","EPSG:32636","245139.989029373","1145269.45065811","99659_795.jpg","2","","No small trees to measure in Csp1, Csp2and Csp3","No shrub and bushes in Rsp1 , Rsp2 andRsp3","No fallen dead wood in FDT1 , Fdt2 andFdt3",""
"0960","3","EPSG:32636","245389.0","1145269.0","EPSG:32636","245385.172039244","1145272.70115274","12","45","13","39","2018","4","11","13","45","14","30","","","","","","","","EPSG:32636","245387.505320835","1145146.68422876","","EPSG:32636","245387.670792163","1145021.08904168","99659_1527.jpg","2","","No small trees to measure in Csp1 ,Csp2and Csp3","No shrub and bushes in Rsp1 , RSP2  and Rsp3","No fallen dead wood in FDT1, Fdt2 andFdt3",""
"0960","4","EPSG:32636","245389.0","1144769.0","EPSG:32636","245379.695482954","1144774.93228974","14","30","14","38","2018","4","11","14","38","16","28","","","","","","","","EPSG:32636","245258.689651334","1144769.76939771","","EPSG:32636","245141.797926023","1144766.32408939","99659_2013.jpg","2","","No small trees to measure in Csp1, Csp2and  Cap3","No shrub and bushes in Rsp1, RSP2 and Rsp3","No fallen dead wood in FDT1, Fdt2 andFdt3",""
"0797","1","EPSG:32635","689902.0","1373187.0","EPSG:32635","689903.195202483","1373188.68477657","8","50","8","53","2017","12","9","8","54","9","52","","","","","","","","EPSG:32635","689899.776007065","1373436.10837123","","EPSG:32635","689899.776007065","1373436.10837123","21387_114.jpg","1","","No small trees to measure in Csp1, Csp2and Csp3","No shrubs and bushes to measure in Rsp1, Rsp2","No fallen dead wood in FDT1 , FDT2",""
"0797","2","EPSG:32635","689902.0","1373687.0","EPSG:32635","689900.653504265","1373686.72350745","9","52","10","2","2017","12","9","10","2","10","39","","","","","","","","EPSG:32635","690025.831234857","1373687.3145715","","EPSG:32635","690150.886063459","1373690.66950829","21387_518.jpg","2","Easy to access plot 2 in hell of sand","No small trees to measure in Csp1 , Csp2and Csp3","No shurb and bushes in Rsp1, Rsp2and Rsp3","No fallen dead wood in FDT1, FDT2 and FDT3",""
"0797","3","EPSG:32635","690402.0","1373687.0","EPSG:32635","690397.719295462","1373687.23713608","10","39","10","44","2017","12","9","10","44","11","25","","","","","","","","EPSG:32635","690400.79090417","1373559.79019072","Easy to access plot3","EPSG:32635","690403.605778915","1373438.37981651","21387_721.jpg","2","","No small trees to measure in Csp1, Csp2and Csp3","No shrubs and bushes to measure in Rsp1and RSP3","No fallen dead wood in FDT1, FDT2 and FDT3",""
"0797","4","EPSG:32635","690402.0","1373187.0","EPSG:32635","690402.059104075","1373183.85900347","11","25","11","31","2017","12","9","11","31","16","30","","","","","","","","EPSG:32635","690278.430635717","1373183.58899","","EPSG:32635","690152.093851795","1373184.42272981","21387_940.jpg","1","","No small trees to measure in Csp1, Csp2and Csp3","No shurb and bushes in Rsp1, Rsp2and Rsp3","No fallen dead wood in FDT1 and FDT3",""
"0902","4","EPSG:32635","691617.0","1220175.0","EPSG:32635","691613.427795759","1220178.61640794","8","22","8","25","2018","3","2","8","26","9","23","","","","","","","","EPSG:32635","691487.475992525","1220175.38546815","","EPSG:32634","1349152.21759993","1230654.46376353","66705_114.jpg","1","","","No shrub and bushes in Rsp1 , RSP2 and Rsp3","No fallen dead wood in FDT1 , Fdt2",""
"0902","1","EPSG:32635","691117.0","1220175.0","EPSG:32635","691110.180237113","1220178.10131427","9","25","9","30","2018","3","2","9","30","10","0","","","","","","","","EPSG:32635","691116.20258113","1220289.61666114","","EPSG:32635","691118.724972856","1220418.55870614","66705_420.jpg","1","","No small trees to measure in CSP2","No shrub and bushes in Rsp1 and Rsp2 and Rsp3","No fallen dead wood in FDT1 and FDT2 and FDT3",""
"0902","2","EPSG:32635","691117.0","1220675.0","","","","13","3","","","2018","3","2","13","3","","","","","","","","","","","","","","","","","","","","","","",""
"0902","3","EPSG:32635","691617.0","1220675.0","EPSG:32635","691625.498272592","1220690.35002207","10","40","12","5","2018","3","2","13","4","13","5","","","","","","","","EPSG:32635","691621.9435286","1220550.85018137","","EPSG:32635","691617.624544835","1220424.90595518","66705_693.jpg","1","","No small trees to measure in Csp1 and csp2","No shrub and bushes in Rsp1 and Rsp2","No fallen dead wood in FDT1 and FDT2",""
"0433","1","EPSG:32635","564804.0","1372483.0","EPSG:32635","564797.723948642","1372485.76826501","9","52","9","58","2017","12","14","9","58","10","55","","","","","","","","EPSG:32635","564802.771989352","1372605.06439842","","EPSG:32635","564799.632310627","1372731.97555913","27665_125.jpg","1","","No small trees to measure in Csp1, CSP2AND Csp3","No shurb and bushes to measure in Rsp1, RSP2AND Rsp3","No fallen dead wood in FDT2 andFdt3",""
"0433","2","EPSG:32635","564804.0","1372983.0","EPSG:32635","564805.580073607","1372987.89692174","10","56","11","1","2017","12","14","11","1","11","50","","","","","","","","EPSG:32635","564931.189878659","1372979.33616035","","EPSG:32635","565055.138158109","1372990.43904599","27665_664.jpg","3","","No small trees to measure in Csp1 , Csp2 and Csp3","No shurb and bushes in Rsp1, Rsp2 and Rsp3","No fallen dead wood in FDT1 , Fdt2 andFdt3",""
"0433","3","EPSG:32635","565304.0","1372983.0","EPSG:32635","565305.609258269","1372980.89678513","11","53","11","58","2017","12","14","11","58","12","40","","","","","","","","EPSG:32635","565307.60184467","1372858.66431187","","EPSG:32635","565305.0","1372735.0","27665_1198.jpg","3","","No small trees to measure in Csp1 , Csp2and Csp3","No shrubs and bushes to measure in Rsp2and Rsp3","No fallen dead wood in FDT1 , FDT2 and FDT3",""
"0433","4","EPSG:32635","565304.0","1372483.0","EPSG:32635","565302.144808209","1372482.1579159","12","41","12","53","2017","12","14","12","53","15","43","","","","","","","","EPSG:32635","565179.0","1372483.0","","EPSG:32635","565053.195776351","1372481.13231327","27665_1593.jpg","2","","No small trees to measure in Csp1 , Csp2and Csp3","No shrubs and bushes to measure in Rsp1and RSP3","No fallen dead wood in FDT1 , FDT2 and FDT3",""
"0645","1","EPSG:32635","754228.0","1201627.0","EPSG:32635","754235.903314656","1201618.84463991","12","0","12","5","2018","2","26","12","5","12","37","","","","","","","","EPSG:32635","754231.182463278","1201746.21403989","","EPSG:32635","754226.266721106","1201871.01707251","56082_114.jpg","1","","No small trees to measure in Csp1 and Csp3","No shrub and bushes in Rsp1 , Rsp2 and Rsp3","No fallen dead wood in FDT1, FDT2 and FDT3",""
"0645","2","EPSG:32635","754228.0","1202127.0","EPSG:32635","754222.545872825","1202139.02969407","12","37","12","40","2018","2","26","12","40","13","16","","","","","","","","EPSG:32635","74353.0","1202128.0","","EPSG:32635","754481.951816966","1202128.14647099","56082_285.jpg","2","","No small trees  in Csp1, Csp2and Csp3","No shrubs and bushes in Rsp1, Rsp2 and Rsp3","No fallen dead wood in FDT3",""
"0645","3","EPSG:32635","754728.0","1202127.0","EPSG:32635","754741.776590461","1202112.09909887","13","15","13","19","2018","2","26","13","20","14","10","","","","","","","","EPSG:32635","754710.370502359","1201986.28177011","","EPSG:32635","754740.62262385","1201876.6658618","56082_512.jpg","1","","No small trees to measure in Csp1 and Csp2 and Csp3","No shrubs and bushes to measure in Rsp1and RSP2 andRsp3","No fallen dead wood in FDT3",""
"0645","4","EPSG:32635","754728.0","1201627.0","EPSG:32635","754715.394259212","1201627.83917313","14","10","14","15","2018","2","26","14","15","15","7","","","","","","","","EPSG:32635","754598.927011549","1201631.25552615","","EPSG:32635","754478.712150153","1201623.92112971","56082_693.jpg","1","","NO small trees to measure in Csp3","NO shrubs and bushes to in Rsp1, Rsp2 and Rsp3","NO  fallen dead wood in FDT1, FDT2 and FDT3","T"
"0978","1","EPSG:32636","244717.0","1106729.0","EPSG:32636","244711.580236093","1106727.90533712","9","55","9","59","2018","4","13","10","0","11","20","","","","","","","","EPSG:32636","244703.437459681","1106852.84418533","","EPSG:32636","244724.790069","1106980.43802344","106643_125.jpg","2","","No small trees to measure in Csp1,","No shrub and bushes in Rsp1, Rsp2and Rsp3","No fallen dead wood in FDT1,",""
"0978","2","EPSG:32636","244717.0","1107229.0","EPSG:32636","244714.948315021","1107223.89482705","12","4","12","30","2018","4","13","12","30","13","46","","","","","","","","EPSG:32636","244840.587654356","1107233.49080688","","EPSG:32636","244971.248250758","1107223.82976595","106643_1550.jpg","2","","","No shrub and bushes in Rsp1, RSP2 and Rsp3","",""
"0978","3","EPSG:32636","245217.0","1107229.0","EPSG:32636","245212.918324733","1107223.4613593","13","46","13","53","2018","4","13","13","46","14","45","","","","","","","","EPSG:32636","245216.426487577","1107103.05508549","","EPSG:32636","245212.40889521","1106991.40046464","106643_3042.jpg","2","","No small trees to measure in Csp1, Csp2","No shrub and bushes in Rsp1, RSP2 and Rsp3","No fallen dead wood in FDT2AND FDT3",""
"0978","4","EPSG:32636","245217.0","1106729.0","EPSG:32636","245219.13760403","1106729.95759058","14","45","14","50","2018","4","13","14","50","16","0","","","","","","","","EPSG:32636","245097.830182461","1106732.10431536","","EPSG:32636","244965.817841547","1106733.46524736","","2","","No small trees to measure in Csp1, Csp2and Csp3","No shrub and bushes in Rsp1, Rsp2 and Rsp3","No fallen dead wood in FDT1, Fdt2 andFdt3",""
"0953","2","EPSG:32635","607590.0","1144011.0","EPSG:32635","607592.583005853","1144005.87567133","9","24","9","26","2018","2","20","9","26","10","50","","","","","","","","EPSG:32635","607705.277793027","1144012.1231597","","EPSG:32635","607839.313513517","1144011.12465325","45588_153.jpg","1","","No small trees to measure in Csp1 and csp2","No shrub and bushes in Rsp1 and RSP3","No fallen dead wood in FDT1 , Fdt2",""
"0953","3","EPSG:32635","608090.0","1144011.0","EPSG:32635","608087.431645073","1144006.77535566","11","53","11","55","2018","2","20","11","56","12","48","","","","","","","","EPSG:32635","608087.282793056","1143881.28468833","","EPSG:32635","608087.684274145","1143764.7497963","45588_1172.jpg","1","","No small trees to measure in Csp1,Csp2andcsp3","No shrubs and bushes to measure in Rsp1andRsp2 andcsp3","No fallen dead wood in FDT1 and FDT2 and FDT3",""
"0953","4","EPSG:32635","608090.0","1143511.0","EPSG:32635","608098.469420222","1143503.37551421","12","49","13","0","2018","2","20","13","0","14","3","","","","","","","","EPSG:32635","607963.639916168","1143509.71840802","","EPSG:32635","607843.860954901","1143511.05128883","45588_1953.jpg","1","","No small trees to measure in Csp1,Csp2 andcsp3","No shrub and bushes in Rsp1 , Rsp2 and Rsp3","No fallen dead wood in FDT1 , Fdt2 andFdt3",""
"0953","1","EPSG:32635","607590.0","1143511.0","EPSG:32635","607588.939845693","1143511.29670676","14","58","15","0","2018","2","20","15","0","15","32","","","","","","","","EPSG:32635","607589.355039113","1143627.83150911","","EPSG:32635","607591.025851213","1143757.31868694","45588_3046.jpg","1","","No small trees to measure in Csp2 and Csp3","No shrub and bushes in RSP2andRsp3","No fallen dead wood in FDT1, FDT2 and FDT3",""
"0622","1","EPSG:32636","350160.0","1239672.0","EPSG:32636","350158.446853262","1239668.86213507","9","35","9","42","2018","4","20","9","43","10","28","","","","","","","","EPSG:32636","350154.159778598","1239790.09885622","","EPSG:32636","350162.705583917","1239923.23501193","117141_125.jpg","1","","No small trees to measure in Csp1","No shrub and bushes in Rsp1, Rsp2 andRsp3","No fallen dead wood in FDT1, Fdt2 andFdt3",""
"0622","2","EPSG:32636","350160.0","1240172.0","EPSG:32636","350160.924092179","1240173.11419236","10","28","10","33","2018","4","20","10","34","11","2","","","","","","","","EPSG:32636","350285.249643232","1240172.21789453","","EPSG:32636","350415.058819223","1240174.24827449","117141_598.jpg","1","","No small trees to measure in Csp1 and Csp3","No shrub and bushes in Rsp1, RSP2 and Rsp3","No fallen dead wood in FDT1, Fdt2 andFdt3",""
"0622","3","EPSG:32636","350660.0","1240172.0","EPSG:32636","350661.870026428","1240171.70874972","11","3","12","15","2018","4","20","11","16","11","45","","","","","","","","EPSG:32636","350661.848482334","1240048.81319702","","EPSG:32636","350657.406947362","1239922.36854936","117141_1063.jpg","1","","No small trees to measure in Csp3","No shrub and bushes in Rsp1, RSP2  and Rsp3","No fallen dead wood in FDT1, Fdt2 andFdt3",""
"0622","4","EPSG:32636","350660.0","1239672.0","EPSG:32636","350662.381059696","1239674.50633066","11","46","11","49","2018","4","20","11","49","12","16","","","","","","","","EPSG:32636","350537.022832102","1239677.27047398","","EPSG:32636","350413.037242865","1239675.6453737","117141_1538.jpg","1","","No small trees to measure in Csp1, Csp2and Csp3","No shrub and bushes in Rsp1, Rsp2and Rsp3","No fallen dead wood in FDT1, Fdt2 andFdt3",""
"0799","2","EPSG:32635","773336.0","1374489.0","EPSG:32635","773336.0","1374489.0","10","30","10","32","2017","11","27","10","40","12","0","","","","","","","","EPSG:32635","773461.456498658","1374490.79747348","Easy to access plot 2 it's nearly from salamat village","EPSG:32635","773586.0","1374491.0","9240_93.jpg","1","No tree to measure","No small tree to measure in csp 1,2,3","No shrub and bushes to measure in rsp1,2,3 only small shrub of ghabeish","No fallen dead wood in fdt 1,2,3",""
"0799","3","EPSG:32635","773836.0","1374489.0","EPSG:32635","773836.299639441","1374489.70887068","12","20","12","25","2017","11","27","12","30","13","19","","","","","","","","EPSG:32635","773838.87294047","1374366.60476994","Easy to access plot 3","EPSG:32635","773837.888506566","1374241.83561559","9240_278.jpg","1","","No small tree to in csp 1,2","No shrub and bushes to measure in rsp1,2,3","No fallen dead wood in fdt 1,2",""
"0799","4","EPSG:32635","773836.0","1373989.0","EPSG:32635","773836.0","1373989.0","13","42","13","45","2017","11","27","13","46","15","5","","","","","","","","","","","","","","","","","","","","",""
"0799","1","EPSG:32635","773336.0","1373989.0","EPSG:32635","772431.0","1450865.0","9","20","9","23","2017","11","27","8","50","9","20","","","","","","","","","","","","","","","","","","","","",""
"0910","3","EPSG:32636","371598.0","1221059.0","EPSG:32636","371599.488900398","1221057.50185321","10","3","10","13","2018","4","22","10","13","11","5","","","","","","","","EPSG:32636","371600.631714195","1220933.80076324","","EPSG:32636","371602.986735222","1220804.50424387","120029_114.jpg","1","","No small trees to measure in Csp3","No shrub and bushes in Rsp1, RSP2 and Rsp3","No fallen dead wood in FDT2 and FDT3",""
"0910","4","EPSG:32636","371598.0","1220559.0","EPSG:32636","371599.177746409","1220555.20838538","11","5","11","10","2018","4","22","11","11","12","7","","","","","","","","EPSG:32636","371471.322511366","1220559.92800678","","EPSG:32636","371347.590105087","1220558.08139602","120029_969.jpg","1","","No small trees to measure in Csp3","No shrub and bushes in Rsp1, Rsp2 and","No fallen dead wood in FDT1, Fdt2 andFdt3",""
"0871","1","EPSG:32635","648940.0","1258066.0","EPSG:32635","648941.090504918","1258061.57352987","8","35","8","40","2018","3","7","8","40","9","26","","","","","","","","EPSG:32635","648942.849564951","1258192.21137587","","EPSG:32635","648934.28291712","1258315.8288713","74526_114.jpg","1","","No small trees to measure in Csp1 and csp2   and Csp3","","",""
"0871","2","EPSG:32635","648940.0","1258566.0","EPSG:32635","648940.475883479","1258558.17218443","9","26","9","32","2018","3","7","9","32","10","12","","","","","","","","EPSG:32635","649059.058243936","1258566.72410615","","EPSG:32635","649189.168373759","1258564.80189051","74526_350.jpg","2","","No small trees to measure in Csp2 and Csp3","No shrub and bushes in Rsp1, Rsp2 and Rsp3","No fallen dead wood in FDT1 and FDT3",""
"0871","3","EPSG:32635","649440.0","1258566.0","EPSG:32635","649439.448254072","1258557.78690875","10","12","10","22","2018","3","7","10","22","11","4","","","","","","","","","","","","EPSG:32635","649444.342330816","1258318.01012029","74526_1220.jpg","2","","No small trees to measure in Csp1 and Csp3","No shrubs and bushes to measure in Rsp1and Rsp2","No fallen dead wood in FDT1 andFdt3",""
"0871","4","EPSG:32635","649440.0","1258066.0","EPSG:32635","649435.561192172","1258069.69298309","11","5","11","12","2018","3","7","11","12","12","1","","","","","","","","EPSG:32635","649313.35272301","1258061.63424629","","EPSG:32635","649195.091539028","1258062.35022881","74526_2284.jpg","2","","No small trees to measure in CSP2 andCsp3","No shrub and bushes in Rsp2 andRsp3","No fallen dead wood in FDT1",""
"0613","1","EPSG:32635","628105.0","1238860.0","EPSG:32635","628104.419638718","1238858.34806917","7","50","7","55","2018","3","8","7","55","9","35","","","","","","","","EPSG:32635","628115.033155427","1238989.78342102","","EPSG:32635","628107.904004008","1239108.3559467","77857_121.jpg","1","","No small tree to measure in csp 3","","No fallen dead wood in FDT3",""
"0613","2","EPSG:32635","628105.0","1239360.0","EPSG:32635","628104.248512216","1239357.2677468","9","35","9","47","2018","3","8","9","47","10","30","","","","","","","","EPSG:32635","628229.218035819","1239353.08002757","","EPSG:32635","628351.333350124","1239357.65663936","77857_1786.jpg","1","","No small trees to measure in Csp1,Csp2 Cap3","No shrubs and bushes to measure in Rsp1","No fallen dead wood in FDT2",""
"0613","3","EPSG:32635","628605.0","1239360.0","EPSG:32635","628613.063417097","1239356.87434156","10","30","11","59","2018","3","8","11","59","12","52","","","","","","","","EPSG:32635","628608.365401223","1239237.86171439","","EPSG:32635","628614.263850668","1239120.96362662","77857_1911.jpg","1","","NO small tree to measure in Csp1 and Csp3","NO  small trees to measure in Csp2  and Csp3","No fallen dead wood in FDT1 and FDT2 and FDT3",""
"0613","4","EPSG:32635","628605.0","1238860.0","EPSG:32635","628607.943117066","1238860.33024239","12","52","12","57","2018","3","8","13","53","14","54","","","","","","","","EPSG:32635","628473.853266569","1238847.57184562","","EPSG:32635","628362.105104684","1238862.51833929","77857_2086.jpg","1","","Np small trees to measure in Csp1, csp2 andcsp3","No shrubs and bushes to measure in RSP3","No fallen dead wood in FDT2",""
"0522","1","EPSG:32636","308774.0","1392919.0","EPSG:32636","308776.243700966","1392919.49473522","8","46","8","51","2018","4","28","8","51","9","13","","","","","","","","EPSG:32636","308774.505904639","1393039.35734852","","EPSG:32636","308777.457167935","1393166.38800127","125986_40.jpg","1","","No small trees to measure in Csp1, Csp2and Csp3","No shrub and bushes in Rsp1 and Rsp3","No fallen dead wood in FDT1, Fdt2 andFdt3",""
"0522","2","EPSG:32636","308774.0","1393419.0","EPSG:32636","308774.643101318","1393421.4542213","9","14","9","18","2018","4","28","9","18","9","42","","","","","","","","EPSG:32636","308899.731608901","1393422.67826196","","EPSG:32636","309022.361879835","1393419.36614714","125986_492.jpg","1","","No small trees to measure in Csp1, Csp2and Csp3","No shrub and bushes in Rsp1, Rsp2 and Rsp3","No fallen dead wood in FDT1, Fdt2 andFdt3",""
"0522","3","EPSG:32636","309274.0","1393419.0","EPSG:32636","309275.064569341","1393416.31564581","9","42","9","46","2018","4","28","9","47","10","12","","","","","","","","EPSG:32636","309270.213519628","1393297.42467844","","EPSG:32636","309268.14819","1393174.85173929","125986_695.jpg","1","","","No shrub and bushes in Rsp1and RSP3","No fallen dead wood in FDT1, Fdt2 andFdt3",""
"0522","4","EPSG:32636","309274.0","1392919.0","EPSG:32636","309277.673317139","1392920.98342371","10","12","10","15","2018","4","28","10","16","","","","","","","","","","EPSG:32636","309147.603462388","1392925.0531513","","EPSG:32636","309028.015320711","1392923.01089872","125986_993.jpg","1","","No small trees to measure in Csp1, Csp2and Csp3","No shrub and bushes in Rsp1, Rsp2 and Rsp3","No fallen dead wood in FDT1, Fdt2 andFdt3",""
"0640","1","EPSG:32635","544394.0","1200414.0","EPSG:32635","544393.972851122","1200416.43117157","9","20","9","25","2018","2","14","9","26","10","20","","","","","","","","EPSG:32635","544394.564030946","1200540.91152835","","EPSG:32635","544393.261336062","1200658.09677809","34596_114.jpg","1","","No small trees in  Csp1  and Csp2andcsp","No shrubs and bushes  jn rsp1 and Rsp3","",""
"0640","2","EPSG:32635","544394.0","1200914.0","EPSG:32635","544381.9305507","1200911.20612909","10","20","10","30","2018","2","14","10","32","11","37","","","","","","","","EPSG:32635","544514.949844723","1200928.16618846","","EPSG:32635","544648.282216911","1200920.3415321","34596_682.jpg","1","","No small trees in csp1and csp2","No shrubs and bushes  in Rsp1and Rsp2 and Rsp3","No fallen dead wood  in fdt 1and FDt 2",""
"0640","3","EPSG:32635","544894.0","1200914.0","EPSG:32635","544895.090186042","1200915.64924338","11","37","13","33","2018","2","14","13","33","14","30","","","","","","","","EPSG:32635","544899.609390306","1200784.10126833","","EPSG:32635","544894.108858541","1200670.26281208","34596_1481.jpg","1","","No small trees in Csp1andcsp2","No shrubs and bushes  in Rsp1andRsp2and Rsp3","No fallen dead wood in FDT1and Fdt2",""
"0640","4","EPSG:32635","544894.0","1200414.0","EPSG:32635","544897.476152724","1200415.82541435","14","30","14","41","2018","2","14","14","42","15","18","","","","","","","","EPSG:32635","544776.750126695","1200403.70117722","","EPSG:32635","544642.226981756","1200380.40726419","34596_2080.jpg","1","","No small trees in Csp1 and csp2and Csp3","No shrub and bushes in Rsp1 and Rsp2 and Rsp3","No fallen dead wood  in Fdt 1andFdt3",""
"0567","3","EPSG:32636","392581.0","1316547.0","EPSG:32636","392581.05712139","1316557.02378875","7","51","7","56","2018","4","26","7","57","8","30","","","","","","","","EPSG:32636","392580.201962841","1316420.15754692","","EPSG:32636","392580.765679495","1316299.63286692","123687_125.jpg","1","","No small trees to measure in Csp1, Csp2and Csp3","No shrub and bushes in Rsp1, Rsp2 and Rsp3","No fallen dead wood in FDT1, Fdt2 andFdt3",""
"0567","4","EPSG:32636","392581.0","1316047.0","EPSG:32636","392581.367253341","1316044.62241931","8","30","8","33","2018","4","26","8","34","9","0","","","","","","","","EPSG:32636","392460.847979237","1316047.16991762","","EPSG:32636","392330.660443892","1316047.72316693","123687_514.jpg","1","","No small trees to measure in Csp1, Csp2and Csp3","No shrub and bushes in Rsp1, Rsp2 and Rsp3","No fallen dead wood in FDT1, Fdt2 andFdt3",""
"0567","1","EPSG:32636","392081.0","1316047.0","EPSG:32636","392087.421636037","1316046.32106795","9","0","9","6","2018","4","26","9","6","9","29","","","","","","","","EPSG:32636","392087.931338793","1316176.07928858","","EPSG:32636","392080.160666347","1316296.15366938","123687_996.jpg","1","","No small trees to measure in Csp1, Csp2 and Csp3","No shrub and bushes in Rsp1, Rsp2","No fallen dead wood in FDT1, Fdt2 andFdt3",""
"0567","2","EPSG:32636","392081.0","1316547.0","EPSG:32636","392085.905768295","1316545.54590041","9","30","9","35","2018","4","26","9","35","10","30","","","","","","","","EPSG:32636","392205.0","1316546.0","","EPSG:32636","392331.0","1316546.0","","1","","No Small tree to measure in Csp3","No shrub and bushes in Rsp1, Rsp2 and Rsp3","",""
"0435","1","EPSG:32635","648198.0","1372886.0","EPSG:32635","648200.765415635","1372889.3703107","8","40","8","45","2017","11","29","8","42","9","36","","","","","","","","EPSG:32635","648196.702292222","1373013.17744082","","EPSG:32635","648199.534763371","1373135.22836716","10599_96.jpg","1","","No small trees to measure in Csp1,2","No shrub and bushes in Rsp1","No fallen dead wood found  in FDT1  and FDT3",""
"0435","2","EPSG:32635","648198.0","1373386.0","EPSG:32635","648195.268295253","1373385.44770555","9","45","9","51","2017","11","29","9","54","11","12","","","","","","","","EPSG:32635","648318.903228693","1373383.71735724","","EPSG:32635","648445.670395397","1373384.30010606","10599_295.jpg","1","","","","No fellan dead wood in Fdt 3",""
"0435","3","EPSG:32635","648698.0","1373386.0","EPSG:32635","648694.41445407","1373387.29021349","11","21","11","25","2017","11","29","11","15","12","5","","","","","","","","EPSG:32635","648700.226229175","1373256.05386124","","EPSG:32635","648695.682138726","1373130.92265234","10599_839.jpg","1","","No small trees  in  Rsp1and Rsp2","No shrub or bushes in Rsp2and Rsp3","No FDt wand Fdt3",""
"0435","4","EPSG:32635","648698.0","1372886.0","EPSG:32635","648695.071903139","1372884.89499615","12","12","12","14","2017","11","29","12","15","17","40","","","","","","","","EPSG:32635","648570.360285282","1372881.25825252","","EPSG:32635","648444.921399155","1372887.49935555","10599_1156.jpg","1","","No shrubs and bushes to measure in csp 2,3","No shrub and bushes in Rsp3","No fallen dead wood in FDT1 ,2,3",""
"0518","1","EPSG:32635","752268.0","1392958.0","EPSG:32635","752263.622502096","1392960.38009634","8","30","9","56","2017","11","26","8","30","9","54","","","","","","","","EPSG:32635","752268.0","1393083.0","","EPSG:32635","752268.0","1393208.0","6888_88.jpg","1","","No shrub or bushes","No  shrubs or bushes to measture","No fallen dead wood",""
"0518","2","EPSG:32635","752268.0","1393458.0","EPSG:32635","752268.0","1393458.0","11","7","11","10","2017","11","26","11","15","11","45","","","","","","","","EPSG:32635","752393.0","1393458.0","","EPSG:32635","752518.0","1393459.0","6888_410.jpg","1","","No small tree to measure","There some shrubs and bushes but the dba it's less than 10 cm in sp1","",""
"0518","3","EPSG:32635","752768.0","1393458.0","EPSG:32635","752768.0","1393458.0","11","54","12","0","2017","11","26","12","48","12","51","","","","","","","","EPSG:32635","752769.0","1393334.0","","EPSG:32635","752770.0","1393209.0","6888_593.jpg","1","No trees to measure in plot 3","No small trees to measure in csp 1,2","No shrubs and bushes to measure in rsp1,2 only less than 10 cm it's found.","No falling dead wood in fdt 1,2",""
"0518","4","EPSG:32635","752768.0","1392958.0","EPSG:32635","752768.0","1392958.0","13","0","13","8","2017","11","26","13","51","18","5","","","","","","","","EPSG:32635","752643.0","1392957.0","","EPSG:32635","752518.0","1392958.0","6888_796.jpg","1","","No small tree to measure in csp 1,2,3","No shurb and bushes to measure in sp1,2,3 only less than 10 cm","",""
"0558","1","EPSG:32635","669472.0","1315553.0","EPSG:32635","669474.700347587","1315549.61877437","8","10","8","18","2017","12","10","8","18","9","30","","","","","","","","EPSG:32635","669470.812010621","1315677.15311998","","EPSG:32635","669474.336581257","1315804.09547191","23144_88.jpg","1","","No small trees to measure in Csp1, Csp2and Csp3","No shurb and bushes in Rsp1, Rsp2 and Rsp3","No fallen dead wood in FDT1 , Fdt2 andFdt3",""
"0558","2","EPSG:32635","669472.0","1316053.0","EPSG:32635","669470.363148948","1316050.61898667","9","39","10","30","2017","12","10","10","38","10","30","","","","","","","","EPSG:32635","669597.0","1316054.0","","EPSG:32635","669716.614173066","1316053.20196226","23144_344.jpg","2","","No small frees in Csp1and Csp2","No shurb and bushes in Rsp1, Rsp2 and Rsp3","No falleFDT dead wood in FDT1,FDT2 and FDT3",""
"0558","3","EPSG:32635","669972.0","1316053.0","EPSG:32635","669965.463576809","1316056.32821977","10","30","10","35","2017","12","10","10","35","11","48","","","","","","","","EPSG:32635","669973.0","1315929.0","","EPSG:32635","669973.0","1315804.0","","2","","No small trees  to measure  in Csp1, Csp2and Csp3","No shrubs and bushes  in Rsp1, Rsp2 and Rsp3","No fallen dead wood  in FDT1, Fdt2 andFdt3",""
"0558","4","EPSG:32635","669972.0","1315553.0","EPSG:32635","669961.236369785","1315560.39019702","11","48","12","8","2017","12","10","12","8","12","40","","","","","","","","EPSG:32635","669824.480002435","1315554.70694999","","EPSG:32635","669720.756369477","1315553.96715618","23144_829.jpg","1","","No small trees  in Csp1, Csp2and Csp3",",No shrub and bushes in Rsp1 .Rsp2","No fallen dead hood in FDT1 .Fdt2 andFdt3",""
"0614","1","EPSG:32635","670014.0","1239108.0","EPSG:32635","670010.121401401","1239105.48776543","11","0","11","5","2018","3","6","11","5","12","6","","","","","","","","EPSG:32635","670023.792426013","1239240.29789523","Easy to access plot1","EPSG:32635","670029.054203113","1239351.74456336","72937_94.jpg","2","","No small trees to measure in Csp1","No shrub and bushes in Rsp1 and Rsp3","No fallen dead wood in FDT1 , Fdt2 andFdt3",""
"0614","2","EPSG:32635","670014.0","1239608.0","EPSG:32635","670014.936100713","1239607.87759137","12","6","12","11","2018","3","6","12","12","12","50","","","","","","","","EPSG:32635","670134.989204684","1239609.98749039","","EPSG:32635","670264.538593374","1239610.0698047","72937_633.jpg","1","","No small trees to measure in Csp1 and csp2 andCsp3","No shrub and bushes in Rsp1 and Rsp3","No fallen dead wood in FDT1",""
"0614","3","EPSG:32635","670514.0","1239608.0","EPSG:32635","670502.839641371","1239613.58145516","12","50","14","20","2018","3","6","14","20","15","15","","","","","","","","EPSG:32635","670514.242404906","1239485.32702009","","EPSG:32634","1327737.2210845","1249563.83310299","72937_982.jpg","2","","No Small trees to measure in Csp1 and csp2  Csp3","No shrub and bushes in Rsp1","No fallen dead wood in FDT1 and FDT3",""
"0614","4","EPSG:32635","670514.0","1239108.0","EPSG:32635","670509.439841664","1239110.14077925","15","15","15","22","2018","3","6","15","22","16","3","","","","","","","","EPSG:32635","670374.373714061","1239111.63697864","","EPSG:32635","670283.024307361","1239110.81120836","72937_1205.jpg","1","","No small trees to measure in Csp2 and Csp3","","No fallen dead wood in FDT1 and FDT2 and FDT3",""
"0615","3","EPSG:32635","712430.0","1239918.0","EPSG:32635","712424.821689194","1239921.21193191","12","50","12","54","2018","3","3","13","0","14","5","","","","","","","","EPSG:32635","712436.785375842","1239797.35327424","","EPSG:32635","712434.454758387","1239661.21886431","68072_114.jpg","1","","NO  small trees to measure in Csp2","No shrub and bushes in Rsp1 and Rsp2","No fallen dead wood in FDT1 and FDT3",""
"0615","4","EPSG:32635","712430.0","1239418.0","EPSG:32635","712430.280841649","1239416.51695396","14","5","14","11","2018","3","3","14","12","15","5","","","","","","","","EPSG:32635","712310.269618776","1239415.28280007","","EPSG:32635","712177.891321856","1239416.67988179","68072_357.jpg","1","","No small trees to measure in Csp3","No small trees to measure in Csp1and Csp3","No fallen dead wood in FDT1 and FDT2",""
"0615","1","EPSG:32635","711930.0","1239418.0","EPSG:32635","711925.314351553","1239413.31597687","15","5","15","12","2018","3","3","15","12","15","42","","","","","","","","","","","","EPSG:32635","711924.58199349","1239664.02484879","68072_568.jpg","1","","No small trees to measure in Csp1and Csp3","No shrub and bushes in Rsp1 , Rsp2 and Rsp3","No fallen dead wood in FDT1 , FDT2 and FDT3",""
"0615","2","EPSG:32635","711930.0","1239918.0","EPSG:32635","711934.090312152","1239920.72012455","15","42","15","54","2018","3","3","15","54","16","45","","","","","","","","EPSG:32635","712052.857300724","1239921.15998308","","EPSG:32635","712183.325287024","1239917.50516944","68072_739.jpg","1","","No small trees to measure in Csp1 , csp2 and Csp3","No shrub and bushes in Rsp1 , Rsp2 and Rsp3","",""
"0557","2","EPSG:32635","627679.0","1315793.0","EPSG:32635","627679.0","1315793.0","9","4","9","8","2017","12","2","9","8","10","33","","","","","","","","EPSG:32635","627804.0","1315793.0","","EPSG:32635","627927.859510935","1315793.932948","14186_125.jpg","1","","No small trees to measure in csp 1 and Csp3","No shrubs and bushes to measure in Rsp1, Rsp2 and Rsp3","",""
"0557","3","EPSG:32635","628179.0","1315793.0","EPSG:32635","628180.657079863","1315791.23568294","11","40","11","44","2017","12","2","11","45","13","14","","","","","","","","EPSG:32635","628183.427655011","1315665.49392059","","EPSG:32635","628185.769609977","1315550.4576232","14186_719.jpg","1","","No small trees to measure in Csp1, Csp2and Csp3","No shrubs and bushes to measure in Rsp1, Rsp2 and Rsp3","",""
"0557","4","EPSG:32635","628179.0","1315293.0","EPSG:32635","628181.774088556","1315304.44392183","7","30","9","7","2017","12","3","7","35","8","58","","","","","","","","EPSG:32635","628048.671853245","1315293.06400663","","EPSG:32635","627937.892752742","1315295.15135733","14186_1880.jpg","1","","No small frees in Csp1 and csp2 and csp3andCsp3","No shrub and bushes in Rsp1 and Rsp2and Rsp8","No fallen inFdt2",""
"0557","1","EPSG:32635","627679.0","1315293.0","EPSG:32635","627685.230525593","1315295.42501538","9","8","9","12","2017","12","3","8","13","10","20","","","","","","","","EPSG:32635","627665.906739024","1315419.62392151","","EPSG:32635","627663.184530596","1315542.72695312","14186_2485.jpg","1","","No small trees in Csp1and csp2andcsp3","No small trees incsp1 and2 and3","No fallen dead wood in fdt 1",""
"0825","1","EPSG:32636","371209.0","1335216.0","EPSG:32636","371206.152753619","1335216.24038006","10","29","10","32","2018","4","24","10","32","11","16","","","","","","","","EPSG:32636","371208.751984713","1335341.36852519","","EPSG:32636","371207.982885455","1335463.85201124","121962_125.jpg","1","","No small trees to measure in Csp1, Csp2and Csp3","No shrub and bushes in Rsp1, Rsp2 and Rsp3","No fallen dead wood in FDT1, Fdt2 andFdt3",""
"0825","2","EPSG:32636","371209.0","1335716.0","EPSG:32636","371208.756772604","1335713.1816772","11","16","11","18","2018","4","24","11","19","11","41","","","","","","","","EPSG:32636","371335.830227983","1335717.99713205","","EPSG:32636","371458.527455923","1335713.71119145","121962_297.jpg","1","","No small trees to measure in Csp1, Csp2and Csp3","No shrub and bushes in Rsp1, Rsp2 and Rsp3","No fallen dead wood in FDT1, Fdt2 andFdt3",""
"0825","3","EPSG:32636","371709.0","1335716.0","EPSG:32636","371710.254368984","1335714.7645627","11","41","11","45","2018","4","24","11","46","12","2","","","","","","","","EPSG:32636","371713.441457579","1335587.63976124","","EPSG:32636","371709.487515688","1335465.23618913","121962_469.jpg","1","","No small trees to in Csp1, Csp2and Csp3","No shrub and bushes in Rsp1, Rsp2 and Rsp3","No fallen dead wood in FDT1, Fdt2 andFdt3",""
"0825","4","EPSG:32636","371709.0","1335216.0","EPSG:32636","371709.349890824","1335215.00880887","12","2","12","5","2018","4","24","12","6","12","23","","","","","","","","EPSG:32636","371585.729377301","1335214.85408441","","EPSG:32636","371455.346862273","1335212.89102196","121962_641.jpg","1","","No small trees to measure in Csp1, Csp2and Csp3","No shrub and bushes in Rsp1, Rsp2 and Rsp3","No fallen dead wood in FDT1, Fdt2 andFdt3",""
"0594","1","EPSG:32636","392071.0","1277804.0","EPSG:32636","392071.000259443","1277803.64559242","8","45","8","48","2018","4","21","8","49","9","7","","","","","","","","EPSG:32636","392071.814564817","1277926.82682699","","EPSG:32636","392072.618652436","1278050.94798905","119084_114.jpg","1","","No small trees to measure in Csp1, Csp2and Csp3","No shrub andbushes in Rsp1, Fdt2 andFdt3","No fallen dead wood in FDT1, Fdt2 andFdt3",""
"0594","2","EPSG:32636","392071.0","1278304.0","EPSG:32636","392071.126617569","1278304.75077455","9","10","9","13","2018","4","21","9","14","9","32","","","","","","","","EPSG:32636","392194.432266434","1278301.76091952","","EPSG:32636","392326.062695459","1278310.2265057","119084_297.jpg","1","","No small trees to measure in Csp1, Csp2and Csp3","No shrub and bushes in Rsp2 and Rsp3","No fallen dead wood in FDT1, Fdt2 andFdt3",""
"0594","3","EPSG:32636","392571.0","1278304.0","EPSG:32636","392573.603571079","1278303.97260725","9","32","9","38","2018","4","21","9","39","10","7","","","","","","","","EPSG:32636","392571.509533859","1278182.60895882","","EPSG:32636","392575.19054391","1278057.73114913","119084_478.jpg","1","","No small trees to measure in Csp1, Csp2 and Csp3","No shrub and bushes in Rsp1, Rsp2 and Rsp3","No fallen dead wood in FDT1, Fdt2 andFdt3",""
"0594","4","EPSG:32636","392571.0","1277804.0","EPSG:32636","392572.568589136","1277804.23834787","10","8","10","12","2018","4","21","10","12","10","35","","","","","","","","EPSG:32636","392449.784661353","1277807.75036983","","EPSG:32636","392329.054397729","1277800.99128737","119084_650.jpg","1","","No small trees to measure in Csp1, Csp2and Csp3","No shrub and bushes in Rsp1, Rsp2 and Rsp3","No fallen dead wood in FDT1, Fdt2 andFdt3",""
"0445","4","EPSG:32635","565434.0","1334163.0","EPSG:32635","565402.245595083","1334171.85255255","7","25","7","27","2017","12","12","7","27","8","22","","","","","","","","EPSG:32635","565316.102852965","1334161.46638205","","EPSG:32635","565192.432781539","1334158.66765335","24558_121.jpg","1","","No small trees to measure in Csp1  .Csp2  and Csp3","No shrubs and bushes inRsp3","No fallen dead wood  in Fdt1 .Fdt2 and Fdt3",""
"0445","1","EPSG:32635","564934.0","1334163.0","EPSG:32635","564951.670672663","1334157.21483291","8","22","8","26","2017","12","12","8","26","9","30","","","","","","","","EPSG:32635","564929.938145807","1334286.34906723","","EPSG:32635","564930.579247791","1334408.93861","24558_395.jpg","1","","No small trees inCsp1. CSP2 Csp3","No shrub and b ushes to measure in Rsp1 .Rsp 2 and Rsp3 2","",""
"0445","2","EPSG:32635","564934.0","1334663.0","EPSG:32635","564928.585877872","1334643.44342243","9","30","9","38","2017","12","12","9","38","10","18","","","","","","","","EPSG:32635","565051.944181743","1334653.38971278","","EPSG:32635","565192.308778655","1334645.73312467","24558_1014.jpg","1","","No small trees in Csp1, Csp2and Csp3","No shrub and bushes  in Rsp1and Rsp2 and Rsp3","No fallen dead wood  in  Fdt1.Fdt2 and FDT3",""
"0445","3","EPSG:32635","565434.0","1334663.0","EPSG:32635","565430.993728484","1334665.58989219","10","18","10","27","2017","12","12","10","27","12","30","","","","","","","","EPSG:32635","565436.425203005","1334533.52598485","","EPSG:32635","565430.88603897","1334412.22607995","24558_1319.jpg","2","","No small trees  in Rsp1 .Rsp2","","No fallen dead wood in FDT1  .FDT2 andFdt3",""
"0432","1","EPSG:32635","523112.0","1372381.0","EPSG:32635","523111.462759063","1372379.30467836","10","5","10","7","2017","12","13","10","7","10","55","","","","","","","","EPSG:32635","523106.813352771","1372502.09938479","","EPSG:32635","523107.956970025","1372627.90418108","26351_114.jpg","2","","No small trees to measure in Csp1, Csp2and Csp3","","","There litter depth in lsp1"
"0432","2","EPSG:32635","523112.0","1372881.0","EPSG:32635","523107.748095048","1372885.14814081","10","55","11","0","2017","12","13","11","0","11","31","","","","","","","","EPSG:32635","523234.524694453","1372882.67270799","","EPSG:32635","523360.979696","1372885.35500145","26351_359.jpg","1","","No small trees to measure in Csp1, Csp2and  Csp3","","No fallen dead wood in FDT1 , FDT2 andFdt3",""
"0432","3","EPSG:32635","523612.0","1372881.0","EPSG:32635","523611.55233563","1372880.35325663","11","31","11","38","2017","12","13","11","38","12","30","","","","","","","","EPSG:32635","523609.734184238","1372754.48757489","Easy to access plot3","EPSG:32635","523613.047161323","1372633.77928131","26351_570.jpg","2","","No small trees to measure in Csp1, CSP2AND Csp3","No shurb and bushes in Rsp1, Rsp2 and  RSP3","No fallen dead wood in FDT1 , Fdt2 andFdt3",""
"0432","4","EPSG:32635","523612.0","1372381.0","EPSG:32635","523614.884208392","1372382.52447239","12","30","12","36","2017","12","13","12","36","","","","","","","","","","EPSG:32635","523480.948024796","1372377.45672415","","EPSG:32635","523361.18182757","1372365.88772136","26351_920.jpg","1","","No small trees to measure in Csp1, Csp2and Csp3","No shurb and bushes to measure in Rsp1,  Rsp2  and Rsp3","No fallen dead wood in FDT1, Fdt2 and FDT3",""
"0901","3","EPSG:32635","649676.0","1220400.0","EPSG:32635","649680.059652078","1220397.20610011","8","45","8","49","2018","3","9","8","50","9","47","","","","","","","","EPSG:32635","649677.337080432","1220272.17473664","","EPSG:32634","1307125.28292323","1229787.18178783","80494_104.jpg","1","","No Small tree to measure in Csp2 and Csp3","No shrub and bushes in Rsp1 and Rsp3","No fallen dead wood in FDT1",""
"0901","4","EPSG:32635","649676.0","1219900.0","EPSG:32635","649673.59548144","1219890.42689033","9","47","9","51","2018","3","9","9","48","10","37","","","","","","","","EPSG:32635","649547.541287846","1219901.28069487","","EPSG:32635","649427.098184144","1219904.09857214","80494_314.jpg","2","","No small trees to measure in Csp1  and Csp2 and Csp3","No shrub and bushes in Rsp3","No fallen dead wood in FDT1 and FDT3",""
"0901","1","EPSG:32635","649176.0","1219900.0","EPSG:32635","649168.106359042","1219908.58899805","10","38","10","46","2018","3","9","10","46","11","19","","","","","","","","EPSG:32635","649177.192337626","1220023.54295613","","EPSG:32635","649175.0","1220148.0","","2","","","No shrub and bushes in Rsp1and rsp2","No fallen dead wood in FDT3",""
"0901","2","EPSG:32635","649176.0","1220400.0","EPSG:32635","649175.0","1220148.0","11","19","12","30","2018","3","9","12","30","13","15","","","","","","","","EPSG:32635","649288.31089095","1220412.98706924","","EPSG:32635","649425.511435175","1220398.52219009","80494_689.jpg","1","","No small trees to measure in Csp3","No shrub and bushes in Rsp1 - Rsp2 and Rsp3","No fallen dead wood in FDT1 and 2",""
"0899","1","EPSG:32635","565311.0","1219529.0","EPSG:32635","565305.204442609","1219529.72557958","11","52","11","53","2018","2","13","11","53","12","45","","","","","","","","EPSG:32635","565373.0","1219653.0","","EPSG:32635","565373.0","1219653.0","","1","","No small trees to measure in Csp2 and Csp3","No shrubs and bushes to measure in Csp1 and csp2 andcsp3","No fallen dead wood in FDT1 and FDT2 and FDT3",""
"0899","2","EPSG:32635","565311.0","1220029.0","EPSG:32635","565303.744037796","1220037.69757829","12","56","13","0","2018","2","13","12","56","14","25","","","","","","","","EPSG:32635","565440.261049924","1220032.45706938","","EPSG:32635","565556.37875162","1220027.25380829","33136_222.jpg","1","","","No shrub and bushes  in Rsp1  and Rsp3","No fallen dead wood  in FDt 1. FDT2 and FDT3",""
"0899","3","EPSG:32635","565811.0","1220029.0","EPSG:32635","565809.007976789","1220031.86774754","15","40","15","41","2018","2","13","16","32","17","30","","","","","","","","EPSG:32635","565806.392495282","1219902.8532309","","EPSG:32635","565810.163118547","1219784.26151588","","3","","","","",""
"0899","4","EPSG:32635","565811.0","1219529.0","EPSG:32635","565810.39272004","1219532.44952082","16","20","16","22","2018","2","13","16","23","17","18","","","","","","","","EPSG:32635","565662.835668572","1219541.65608627","","EPSG:32635","565550.838161822","1219527.3402694","33136_774.jpg","1","","No small trees in Csp1 and Csp2","No shrubs and bushes  in Rsp1 and  Rsp2  and Rsp3","No fallen dead wood in FDT1",""
"0644","4","EPSG:32635","712748.0","1201266.0","EPSG:32635","712748.473170143","1201265.33815239","9","23","9","35","2018","3","1","9","37","10","22","","","","","","","","EPSG:32635","712618.012816272","1201265.15545405","","","","","","3","","No small trees to measure in Csp2","No shrub and bushes in Rsp1 and Rsp2","No fallen dead wood in FDT1",""
"0644","1","EPSG:32635","712248.0","1201266.0","EPSG:32635","712250.490385119","1201259.89573078","10","20","10","32","2018","3","1","10","32","11","17","","","","","","","","EPSG:32635","712249.477990148","1201383.81149058","","EPSG:32635","712253.476105412","1201514.25921493","65649_347.jpg","2","","No small trees to measure in Csp1 and csp2  and Csp3","NO  shrub and bushes in Rsp1 and Rsp2 and Rsp3","No fallen dead wood in FDT2",""
"0644","2","EPSG:32635","712248.0","1201766.0","EPSG:32635","712252.279391757","1201770.45198179","11","16","11","20","2018","3","1","11","20","12","20","","","","","","","","EPSG:32635","712376.407202626","1201770.97078726","","EPSG:32635","712496.732415344","1201764.66736584","","3","","No small trees to measure in Csp1","No shrub and bushes in Rsp1","No fallen dead wood in FDT1",""
"0644","3","EPSG:32635","712748.0","1201766.0","EPSG:32635","712748.274672503","1201765.10093312","12","20","14","8","2018","3","1","14","7","15","30","","","","","","","","EPSG:32635","712757.988169675","1201639.46499148","","EPSG:32635","712753.392394288","1201521.90122044","65649_793.jpg","2","","No small trees to measure in Csp1 and csp2","No shrub and bushes in Rsp1 and Rsp2","No fallen dead wood in FDT1 and FDT2",""
"0559","1","EPSG:32635","711272.0","1315876.0","EPSG:32634","711270.0","1315883.0","9","40","9","48","2017","12","8","9","49","11","8","","","","","","","","EPSG:32635","711265.87844667","1315998.94127058","","EPSG:32635","711271.545664103","1316119.16668315","18674_114.jpg","1","","No small tree to measure in csp 1, Csp2and Csp3","No shrub and bushes in Rsp1 ,Rsp2","",""
"0559","2","EPSG:32635","711272.0","1316376.0","EPSG:32635","711267.689146866","1316370.42179514","11","9","11","15","2017","12","8","11","16","12","15","","","","","","","","EPSG:32635","711395.516792115","1316360.43585518","","EPSG:32635","711523.185357441","1316368.76336627","18674_788.jpg","2","","No small trees to measure in csp 1 and Csp2","No shrubs and bushes to measure in Rsp1and","No fallen dead wood in FDT1",""
"0559","3","EPSG:32635","711772.0","1316376.0","EPSG:32635","711767.438686395","1316373.54709752","13","20","13","21","2017","12","8","13","21","14","26","","","","","","","","","","","","EPSG:32635","711774.197030061","1316126.09140599","18674_1334.jpg","1","","","No shrubs and bushes to measure in RSP2","No fallen dead wood in FDT1, FDT2","Difficulty to access plot3 it's have a more of tree of acacia mellefera"
"0559","4","EPSG:32635","711772.0","1315876.0","EPSG:32635","711777.306926522","1315877.92561621","14","30","14","34","2017","12","8","14","34","17","10","","","","","","","","EPSG:32635","711646.070245843","1315876.26923275","","EPSG:32635","711517.686373526","1315873.12268426","18674_2055.jpg","1","","No small trees to measure in Csp1andcsp3","No shrubs and bushes to measure in Rsp1, Rsp2","No fallen dead wood in FDT1 , FDT2 and FDT3",""
"0879","2","EPSG:32636","329249.0","1259316.0","EPSG:32636","329236.864115816","1259293.27586533","12","0","12","5","2018","4","17","12","5","12","56","","","","","","","","EPSG:32636","329372.366244383","1259315.43547739","","EPSG:32636","329503.348506137","1259316.85238706","114931_100.jpg","1","","No small trees to measure in Csp1,","No shrubs and bushes to measure in Rsp1 ,  Rsp2 andRsp3","No fallen dead wood in FDT1, Fdt2 andFdt3",""
"0879","3","EPSG:32636","329749.0","1259316.0","EPSG:32636","329749.64060965","1259314.34986478","13","1","13","7","2018","4","17","13","7","13","37","","","","","","","","EPSG:32636","329750.247215078","1259194.18858","","EPSG:32636","329746.636229465","1259074.03771161","114931_736.jpg","2","","No small trees to measure in Csp1, Csp2and Csp3","No shrub and bushes in Rsp1, RSP2 and Rsp3","No fallen dead wood in FDT1,",""
"0879","4","EPSG:32636","329749.0","1258816.0","EPSG:32636","329747.377392073","1258816.73301329","13","40","13","49","2018","4","17","13","49","14","20","","","","","","","","EPSG:32636","329628.342731101","1258813.41244399","","EPSG:32636","329502.08884111","1258817.74949886","114931_1007.jpg","1","","No small trees to measure in Csp1, CSP2","No shrub and bushes in Rsp1, RSP2 and  RSP3","No fallen dead wood in FDT2AND FDT3",""
"0879","1","EPSG:32636","329249.0","1258816.0","EPSG:32636","329245.348514432","1258817.40944279","14","20","14","32","2018","4","17","14","32","15","9","","","","","","","","EPSG:32636","329247.662844137","1258944.69401773","","EPSG:32636","329247.968583878","1259068.84332023","114931_1353.jpg","2","","No small trees to measure in Csp1, Csp2and Csp3","No shrub and bushes in Rsp1, Rsp2 and Rsp3","No fallen dead wood in FDT1, FDT2 and FDT3",""
"0676","1","EPSG:32636","265998.0","1163704.0","EPSG:32636","266001.492804246","1163703.40787212","9","44","9","49","2018","4","15","9","49","11","23","","","","","","","","EPSG:32636","265996.699949451","1163826.02937694","","EPSG:32636","266002.363008026","1163949.8237034","110262_114.jpg","2","","No small trees to measure in Csp1 and Csp3","No shrub and bushes in Rsp1, RSP2 and Rsp3","No fallen dead wood in FDT2AND Fdt3",""
"0676","2","EPSG:32636","265998.0","1164204.0","EPSG:32636","265996.89054088","1164201.88231079","11","23","12","21","2018","4","15","12","23","13","31","","","","","","","","EPSG:32636","266120.787760469","1164206.86164783","","EPSG:32636","266247.448407063","1164217.28611295","110262_2042.jpg","2","","No small trees to measure in Csp1, Csp2and","No shrub and bushes in Rsp1, Rsp2 and Rsp3","No fallen dead wood in FDT2AND",""
"0676","3","EPSG:32636","266498.0","1164204.0","EPSG:32636","266498.812084017","1164205.73355489","13","32","13","37","2018","4","15","13","37","14","35","","","","","","","","EPSG:32636","266497.654303505","1164079.47197616","","EPSG:32636","266494.657332615","1163963.05646867","110262_3387.jpg","2","","No small trees to measure in Csp1, CSP2 and CSP3","No shrub and bushes in Rsp1, RSP2 andRsp3","No fallen dead wood in FDT2 and FDT3",""
"0676","4","EPSG:32636","266498.0","1163704.0","EPSG:32636","266494.616461059","1163704.23415256","14","35","15","0","2018","4","15","15","0","15","50","","","","","","","","EPSG:32636","266369.301384619","1163710.68443677","","EPSG:32636","266249.604232434","1163704.42469312","110262_4217.jpg","2","","No small trees to measure in Csp3","No small trees to measure in Rsp1 , RSP2 and Rsp3","No fallen dead wood in FDT1 and FDT3",""
"0783","1","EPSG:32635","772889.0","1412397.0","EPSG:32635","772889.0","1412397.0","14","42","14","52","2017","11","24","14","52","16","20","","","","","","","","EPSG:32635","772889.0","141522.0","Easy to access plot and more of tree .","EPSG:32635","772889.0","1412646.0","4538_40.jpg","1","Those tree are not has branches","No small tree to measure in csp1,2,3","No shurb and bushes in rsp1,2,3","No fallen dead wood found in fdt 1,2,3","No LSP found"
"0783","2","EPSG:32635","772889.0","1412897.0","EPSG:32635","772889.0","1412897.0","16","50","16","52","2017","11","24","16","54","17","30","","","","","","","","EPSG:32635","773014.0","1412897.0","","EPSG:32635","773139.0","1412889.0","","1","","","","",""
"0783","3","EPSG:32635","773389.0","1412897.0","EPSG:32635","773139.0","1412897.0","9","23","9","26","2017","11","25","9","27","10","55","","","","","","","","EPSG:32635","773389.0","1412772.0","","EPSG:32635","7723390.0","1412647.0","4538_583.jpg","1","","No small trees to measure","No shrub and bushes in in rectangular","No fallen dead wood only infdtno3",""
"0783","4","EPSG:32635","773389.0","1412397.0","EPSG:32635","773390.0","1412647.0","12","4","12","6","2017","11","25","12","7","14","20","2017","11","24","8","8","9","4","EPSG:32634","773264.0","1412397.0","","EPSG:32635","773139.0","1412397.0","4538_981.jpg","1","Only few trees to measure the major th is less than10cm in diameter","No small trees to measure","","",""
"0803","1","EPSG:32636","329554.0","1373651.0","EPSG:32636","329557.733829531","1373645.30577095","10","45","10","48","2018","4","27","10","48","11","15","","","","","","","","EPSG:32636","329553.880701223","1373777.68698276","","EPSG:32636","329552.729281737","1373898.82691584","125051_125.jpg","1","","No small trees to measure in Csp1, Csp2and Csp3","No shrub and bushes in Rsp1, Rsp2 and Rsp3","No fallen dead wood in FDT1, Fdt2 andFdt3",""
"0803","2","EPSG:32636","329554.0","1374151.0","EPSG:32636","329551.226091986","1374153.0221318","11","15","11","18","2018","4","27","11","18","11","40","","","","","","","","EPSG:32636","329676.934854067","1374155.52994149","","EPSG:32636","329807.792869722","1374147.07991861","125051_297.jpg","1","","No small trees to measure in Csp1, Csp2 and Csp3","No shrub and bushes in Rsp1, Rsp2 and Rsp3","No fallen dead wood in FDT1, Fdt2 andFdt3",""
"0803","3","EPSG:32636","330054.0","1374151.0","EPSG:32636","330055.11583969","1374149.0513892","11","40","11","42","2018","4","27","11","42","11","59","","","","","","","","EPSG:32636","330055.328767807","1374028.0660645","","EPSG:32636","330054.713341713","1373903.15001316","125051_500.jpg","1","","No small trees to measure in Csp1, Csp2and Csp3","No shrub and bushes in Rsp1, Rsp2 and Rsp3","No fallen dead wood in FDT1, Fdt2 andFdt3",""
"0803","4","EPSG:32636","330054.0","1373651.0","EPSG:32636","330056.736023837","1373655.0626005","12","0","12","3","2018","4","27","12","3","12","20","","","","","","","","EPSG:32636","329931.478812394","1373649.3183163","","EPSG:32636","329806.636597265","1373656.36636157","125051_672.jpg","1","","No small trees to measure in Csp1, Csp2and Csp3","No shrub and bushes in Rsp1, Rsp2 and Rsp3","No fallen dead wood in FDT1, Fdt2 andFdt3",""
"0872","1","EPSG:32635","690824.0","1258348.0","EPSG:32635","690832.509272557","1258353.49677448","10","40","10","45","2018","3","4","10","45","11","26","","","","","","","","EPSG:32635","690818.692169068","1258464.75767259","","EPSG:32635","690823.807614762","1258580.61238929","69178_114.jpg","1","","No small trees to measure in Csp1and csp2","No shrub and bushes in Rsp1 and Rsp2 andRsp3","No fallen dead wood in FDT1",""
"0872","2","EPSG:32635","690824.0","1258848.0","EPSG:32635","690817.818833769","1258849.64929657","11","26","11","35","2018","3","4","11","35","12","17","","","","","","","","EPSG:32635","690946.513934469","1258852.33130847","","EPSG:32635","691070.193802245","1258845.41564969","69178_284.jpg","1","","No small trees to measure in Csp2andCsp3","No shrub and bushes in Rsp1 and Rsp2 andRsp3","No fallen dead wood in FDT1 and FDT2",""
"0872","3","EPSG:32635","691324.0","1258848.0","EPSG:32635","691321.278447495","1258853.01084406","12","17","13","20","2018","3","4","13","18","13","58","","","","","","","","EPSG:32635","691326.59294778","1258715.0521045","","EPSG:32635","691324.158125124","1258602.16624273","69178_437.jpg","1","","No small trees to measure in Csp2and Csp3","No shrub and bushes in Rsp1","No fallen dead wood in FDT1 and FDT2and FDT3",""
"0872","4","EPSG:32635","691324.0","1258348.0","EPSG:32635","691327.919500919","1258340.65430923","13","58","14","4","2018","3","4","14","2","14","47","","","","","","","","EPSG:32635","691212.942336158","1258337.70988413","","EPSG:32635","691074.646169568","1258347.2200757","69178_631.jpg","1","","No small trees to measure in Csp1 and csp2 and Csp3","No shrub and bushes in Rsp1 and Rsp2 and Rsp3","No fallen dead wood in FDT1",""
"0641","2","EPSG:32635","586351.0","1201038.0","EPSG:32635","586349.942147605","1201027.75553399","10","20","10","22","2018","2","18","10","27","11","52","","","","","","","","EPSG:32635","586473.75907069","1201029.84393842","","EPSG:32635","586602.739331106","1201039.03201814","","1","","No small trees  inCsp1and Csp2 and Csp3","No  shrub and bushes in Rsp1andrs2 andCsp3","No fallen dead wood in FDT2 and FDT3",""
"0641","1","EPSG:32635","586351.0","1200538.0","EPSG:32635","586358.564203236","1200568.44351532","14","16","14","30","2018","2","18","14","34","16","23","","","","","","","","EPSG:32635","586346.693640901","1200664.00296378","","EPSG:32635","586356.921005632","1200777.11953952","42109_1136.jpg","2","","No small trees in Csp1 and csp2  and Csp3","No shrubs and bushes in Rsp1 and Rsp2andRsp3","No fallen dead wood in FDT1 and FDT2 and FDT3",""
"0641","3","EPSG:32635","586851.0","1201038.0","EPSG:32635","586601.0","1201039.0","12","52","12","56","2018","2","18","12","58","13","25","","","","","","","","EPSG:32635","586951.0","1200914.0","","EPSG:32635","586851.0","1200790.0","","1","","No small trees to measure in Csp1 and csp2","No shrubs and bushes to measure in Rsp1and RSP3","No fallen dead wood in FDT1, FDT2 and FDT3",""
"0641","4","EPSG:32635","586851.0","1200538.0","EPSG:32635","586851.0","1200790.0","13","25","13","40","2018","2","18","13","43","14","16","","","","","","","","EPSG:32635","586726.0","1200538.0","No reference in plot4","EPSG:32635","586601.0","1200537.0","","2","","","","",""
"0519","2","EPSG:32635","793963.0","1393931.0","EPSG:32635","793965.068439429","1393927.73182248","12","7","12","12","2018","4","8","12","13","12","44","","","","","","","","EPSG:32635","794093.440822737","1393931.38858622","","EPSG:32635","794213.055033568","1393930.30234231","98623_114.jpg","2","","No small trees to measure in Csp2 and Csp3","No shrub and bushes in Rsp2 and Rsp3","No fallen dead wood in FDT1 , FDT2 and FDT3",""
"0519","3","EPSG:32635","794463.0","1393931.0","EPSG:32635","794460.530967726","1393932.62450924","12","44","13","27","2018","4","8","13","28","14","31","","","","","","","","EPSG:32635","794464.322131954","1393810.91148847","Easy to access plot3 it's had charcoal making","EPSG:32635","794471.043279088","1393683.25504199","98623_333.jpg","2","","No small trees to measure in Csp3","No shrub and bushes in Rsp1, RSP2 andRsp3","No fallen dead wood in FDT1 , FDT2 and FDT3",""
"0952","3","EPSG:32635","566051.0","1143862.0","EPSG:32635","566053.429904789","1143863.43026038","9","25","9","29","2018","2","21","9","29","10","45","","","","","","","","EPSG:32635","566053.982449676","1143732.76415072","","EPSG:32635","566039.765566449","1143619.93002593","49151_114.jpg","1","","No small trees in Csp1 and csp2 and Csp3","No shrub and bushes in Rsp1 and Rsp2andRsp3","No fallen dead wood in FDT1 and FDT2 and FDT3",""
"0952","4","EPSG:32635","566051.0","1143362.0","EPSG:32635","566047.176467453","1143356.35621909","10","45","11","0","2018","2","21","11","0","","","","","","","","","","","","","","","","","","","","","No shrub andbushes in Rsp1and","No fallen dead wood in FDT1",""
"0952","1","EPSG:32635","565551.0","1143362.0","EPSG:32635","565551.0","1143362.0","14","45","14","50","2018","2","21","14","50","15","25","","","","","","","","EPSG:32635","565551.0","1143486.0","","EPSG:32635","565801.0","4143361.0","","1","","","","",""
