"su_su_no","plot_plot_no","ref_point_marker_id","ref_point_marker_description","ref_point_marker_bearing","ref_point_marker_bearing_unit_name","ref_point_marker_dist","ref_point_marker_dist_unit_name","ref_point_marker_photo_id","ref_point_marker_photo"
"0434","1","1","Hashab tree","330","","30.0","","135417","29826_121.jpg"
"0434","2","1","Habiel tree","270","","30.0","","143708","29826_352.jpg"
"0434","3","1","Habiel tree","70","","20.0","","152331","29826_696.jpg"
"0434","4","1","Habiel tree","90","","15.0","","160321","29826_933.jpg"
"0928","1","1","Hegleg tree","140","","25.0","","1","38596_103.jpg"
"0928","2","1","","","","","","",""
"0928","3","1","Abu Alston tree","350","","25.0","","1","38596_2115.jpg"
"0928","4","1","Awad tree","70","","20.0","","1","38596_3102.jpg"
"0689","1","1","Hegleg tree","140","","30.0","","2","51844_110.jpg"
"0689","2","1","Habeil tree","215","","15.0","","1","51844_1293.jpg"
"0689","3","1","Sahab tree","0","","15.0","","1","51844_2446.jpg"
"0689","4","1","Abu sroge","85","","15.0","","3",""
"0692","2","1","","","","","","",""
"0692","3","1","Hegleg","0","","13.0","","1","62212_1398.jpg"
"0692","4","1","Hegleg tree","90","","9.0","","1","62212_2894.jpg"
"0692","1","1","Hegleg","180","","55.0","","1","62212_3244.jpg"
"0695","1","1","Grantor","120","","20.0","","4","102726_110.jpg"
"0695","2","1","Grantor","350","","14.0","","1",""
"0695","3","1","","","","","","",""
"0695","4","1","Rock's + rotrot tree","90","","26.0","","2","102726_2223.jpg"
"0543","1","1","Keter tree","270","","100.0","","2","122824_121.jpg"
"0543","2","1","Keter tree","270","","65.0","","5","122824_293.jpg"
"0543","3","1","Keter tree","40","","35.0","","8","122824_465.jpg"
"0543","4","1","Sahab tree","130","","300.0","","13","122824_625.jpg"
"0960","1","1","Heglieg tree","100","","27.0","","4","99659_121.jpg"
"0960","2","1","Gantor","270","","35.0","","7","99659_791.jpg"
"0960","3","1","Heglieg tree","280","","30.0","","2","99659_1523.jpg"
"0960","4","1","Ardaib tree","40","","25.0","","1","99659_2009.jpg"
"0797","1","1","Keter tree","90","","35.0","","100816","21387_104.jpg"
"0797","2","1","Mountain of kalagi","46","","300.0","","110614","21387_514.jpg"
"0797","3","1","Heglieg tree","40","","40.0","","114831","21387_717.jpg"
"0797","4","1","Heglieg tree","90","","45.0","","124115","21387_936.jpg"
"0902","4","1","Hegleg tree","180","","15.0","","1","66705_110.jpg"
"0902","1","1","Arad tree","120","","20.0","","1","66705_416.jpg"
"0902","2","1","","","","","","",""
"0902","3","1","Hegleg tree","290","","15.0","","1","66705_689.jpg"
"0433","1","1","Hashab tree","310","","17.0","","105938","27665_121.jpg"
"0433","2","1","Habiel tree","270","","35.0","","120854","27665_660.jpg"
"0433","3","1","Habiel tree","330","","10.0","","130556","27665_1194.jpg"
"0433","4","1","Hashab tree","90","","65.0","","135903","27665_1589.jpg"
"0645","1","1","Stunt tree","330","","25.0","","1",""
"0645","2","1","Talh tree","250","","5.0","","1","56082_281.jpg"
"0645","3","1","Kuok tree","25","","15.0","","1","56082_508.jpg"
"0645","4","1","Sunot tree","90","","6.0","","1","56082_689.jpg"
"0978","1","1","Abu srouj","180","","20.0","","2","106643_121.jpg"
"0978","2","1","Abu srouj","240","","22.0","","6","106643_1546.jpg"
"0978","3","1","Sahab tree","80","","7.0","","8","106643_3038.jpg"
"0978","4","1","Hemaid","0","","15.0","","12","106643_3364.jpg"
"0953","2","1","Gh aroup tree","245","","16.0","","4","45588_149.jpg"
"0953","3","1","Gh aroup tree","320","","10.0","","1","45588_1168.jpg"
"0953","4","1","Drout","180","","15.0","","5","45588_1949.jpg"
"0953","1","1","Gh aroup tree","100","","10.0","","12","45588_3042.jpg"
"0622","1","1","Heglieg tree","315","","25.0","","3","117141_121.jpg"
"0622","2","1","Hegleig tree","270","","100.0","","8","117141_594.jpg"
"0622","3","1","Hegleig tree","0","","100.0","","12","117141_1059.jpg"
"0622","4","1","Heglieg tree","90","","60.0","","15","117141_1534.jpg"
"0799","2","1","Sider tree","180","","30.0","","3","9240_110.jpg"
"0799","3","1","Arad tree","50","","80.0","","1","9240_274.jpg"
"0799","4","1","Village Houses","270","","45.0","","1","9240_459.jpg"
"0799","1","1","Village Houses","0","","30.0","","1","9240_646.jpg"
"0910","3","1","Sarah","270","","23.0","","3","120029_110.jpg"
"0910","4","1","Heglieg tree","70","","9.0","","1","120029_965.jpg"
"0871","1","1","Gantor.abanos","140","","6.0","","1","74526_110.jpg"
"0871","2","1","Sarin tree","320","","15.0","","2","74526_346.jpg"
"0871","3","1","Sarin tree","0","","30.0","","1","74526_1216.jpg"
"0871","4","1","Grantor","50","","6.0","","1","74526_2280.jpg"
"0613","1","1","Gantour","110","","9.0","","1","77857_117.jpg"
"0613","2","1","Sarih","320","","60.0","","1","77857_1782.jpg"
"0613","3","1","Sahab tree","270","","20.0","","1","77857_1907.jpg"
"0613","4","1","Gantour","190","","10.0","","1",""
"0522","1","1","Me okay tree","180","","12.0","","3","125986_36.jpg"
"0522","2","1","Mekah tree","275","","86.0","","7","125986_488.jpg"
"0522","3","1","Tabaldi tree","320","","100.0","","11","125986_691.jpg"
"0522","4","1","Mekah tree","155","","55.0","","16","125986_989.jpg"
"0640","1","1","Heglieg tree","85","","24.0","","1",""
"0640","2","1","Dart tree","190","","25.0","","1","34596_715.jpg"
"0640","3","1","Hegleg tree","75","","55.0","","1","34596_1477.jpg"
"0640","4","1","Humped tree","340","","30.0","","1","34596_2076.jpg"
"0567","3","1","Keter tree","340","","35.0","","3","123687_121.jpg"
"0567","4","1","Um takernja","350","","30.0","","8","123687_510.jpg"
"0567","1","1","Shobahy tree","100","","15.0","","10","123687_992.jpg"
"0567","2","1","Multi of acacia mellefera","180","","20.0","","1","123687_1173.jpg"
"0435","1","1","Hashab tree","180","","7.0","","1","10599_117.jpg"
"0435","2","2","Hashab tree","240","","30.0","","1","10599_384.jpg"
"0435","3","1","Haraz tree","5","","45.0","","1","10599_835.jpg"
"0435","4","1","Heglieg tree","220","","25.0","","1","10599_1152.jpg"
"0518","1","1","Heglieg tree","245","","24.0","","2","6888_201.jpg"
"0518","2","1","Sarah tree","345","","75.0","","1","6888_406.jpg"
"0518","3","1","House","340","","65.0","","4","6888_631.jpg"
"0518","4","1","Arad tree","35","","42.0","","5","6888_792.jpg"
"0558","1","1","Arad","180","","35.0","","94335","23144_110.jpg"
"0558","2","1","Heglieg tree","180","","25.0","","105541","23144_474.jpg"
"0558","3","1","Sarah tree","60","","40.0","","69",""
"0558","4","1","A rd tree","160","","60.0","","825","23144_825.jpg"
"0614","1","1","Habeel  tree","40","","12.0","","1",""
"0614","2","1","Area tree","220","","25.0","","1","72937_629.jpg"
"0614","3","1","Gantor arda","45","","30.0","","1","72937_978.jpg"
"0614","4","1","Grantor and abanos tree","160","","20.0","","1","72937_1201.jpg"
"0615","3","1","Sahab tree","260","","15.0","","1","68072_110.jpg"
"0615","4","1","Leyon tree","180","","20.0","","1","68072_353.jpg"
"0615","1","1","Great eldod","260","","100.0","","1",""
"0615","2","1","Sahab free","350","","25.0","","1","68072_735.jpg"
"0557","2","1","Arad tree","340","","20.0","","1","14186_121.jpg"
"0557","3","1","Arad tree","80","","11.0","","1","14186_657.jpg"
"0557","4","1","Arab tree","145","","28.0","","1","14186_1664.jpg"
"0557","1","1","Handel tree","180","","4.0","","1","14186_2732.jpg"
"0825","1","1","Meter tree","180","","50.0","","2","121962_121.jpg"
"0825","2","1","Keter tree","200","","30.0","","6","121962_293.jpg"
"0825","3","1","Keter tree","330","","20.0","","12","121962_465.jpg"
"0825","4","1","Hafeer","30","","300.0","","15","121962_637.jpg"
"0594","1","1","Sahab","300","","120.0","","2","119084_110.jpg"
"0594","2","1","Rutrut tree","260","","75.0","","9","119084_293.jpg"
"0594","3","1","Camb","330","","300.0","","2","119084_474.jpg"
"0594","4","1","Umtakirnga","70","","100.0","","2","119084_646.jpg"
"0445","4","1","Habeel tree","170","","40.0","","8355","24558_117.jpg"
"0445","1","1","Hashab tree","210","","20.0","","9344","24558_391.jpg"
"0445","2","1","T abldy tree","160","","50.0","","10422","24558_1010.jpg"
"0445","3","1","Habeel tree","90","","30.0","","1449","24558_1315.jpg"
"0432","1","1","Hashab tree","160","","130.0","","111128","26351_110.jpg"
"0432","2","1","Hemmaid tree","340","","35.0","","120399","26351_355.jpg"
"0432","3","1","Hashab tree","80","","38.0","","124209","26351_566.jpg"
"0432","4","1","Hashab tree","150","","20.0","","134207","26351_916.jpg"
"0901","3","1","Gantour","100","","15.0","","1","80494_90.jpg"
"0901","4","1","Daroot tree","70","","35.0","","1","80494_310.jpg"
"0901","1","1","Sarah tree","140","","15.0","","1","80494_509.jpg"
"0901","2","1","Sarin tree","270","","8.0","","1",""
"0901","2","2","Gantour","260","","70.0","","2",""
"0899","1","1","Hashab tree","100","","18.0","","1","33136_204.jpg"
"0899","2","1","Sarah","5","","15.0","","1","33136_218.jpg"
"0899","3","1","Tree hejlej","90","","20.0","","1","33136_443.jpg"
"0899","4","1","Sarah","190","","65.0","","1","33136_770.jpg"
"0644","4","1","Arad tree","70","","1.0","","1","65649_110.jpg"
"0644","1","1","Sahab tree","120","","15.0","","1",""
"0644","2","1","","","","","","",""
"0644","3","1","Harob","300","","20.0","","1","65649_789.jpg"
"0559","1","1","Hemmaid tree","210","","37.0","","76","18674_110.jpg"
"0559","2","1","Keter","280","","20.0","","122252","18674_784.jpg"
"0559","3","1","Saljam","90","","13.0","","1330","18674_1330.jpg"
"0559","4","1","Umtakjrna","85","","35.0","","153459","18674_2051.jpg"
"0879","2","1","Heglieg tree","200","","50.0","","2","114931_121.jpg"
"0879","3","1","Heglieg tree","320","","60.0","","8","114931_732.jpg"
"0879","4","1","Heglieg tree","90","","30.0","","13","114931_1003.jpg"
"0879","1","1","Heglieg tree","90","","15.0","","15","114931_1349.jpg"
"0676","1","1","Sahab tree","200","","30.0","","3","110262_110.jpg"
"0676","2","1","Arad tree","270","","20.0","","9","110262_2038.jpg"
"0676","3","1","Rotrot tree","290","","25.0","","1","110262_3383.jpg"
"0676","4","1","Heglieg tree","120","","8.0","","13","110262_4213.jpg"
"0783","1","1","Sunt tree","180","","31.0","","160911","4538_36.jpg"
"0783","2","1","Sunt tree","280","","15.0","","165033","4538_616.jpg"
"0783","3","1","Sider tree","320","","100.0","","172557","4538_572.jpg"
"0783","4","1","H umeid tree in the north eastside","125","","65.0","","180731","4538_977.jpg"
"0803","1","1","Keter tree","280","","100.0","","2","125051_121.jpg"
"0803","2","1","Keter tree","250","","90.0","","7","125051_293.jpg"
"0803","3","1","","","","","","",""
"0803","4","1","Keter tree","160","","15.0","","14","125051_668.jpg"
"0872","1","1","Lyuon tree","145","","11.0","","1","69178_110.jpg"
"0872","2","1","Talih tree","220","","13.0","","1","69178_280.jpg"
"0872","3","1","Saljam tree","5","","1.0","","1","69178_457.jpg"
"0872","4","1","Hashab trrr","40","","27.0","","1","69178_627.jpg"
"0641","2","1","T abldy tree","300","","40.0","","1","42109_110.jpg"
"0641","1","1","Hashab tree","210","","20.0","","1","42109_1132.jpg"
"0641","3","1","Hashab tree","330","","15.0","","11",""
"0641","4","1","","","","","","",""
"0519","2","1","Saint tree","350","","25.0","","2","98623_110.jpg"
"0519","3","1","Snut tree","340","","7.4","","4","98623_329.jpg"
"0952","3","1","Hegleg tree","310","","17.0","","3","49151_110.jpg"
"0952","4","1","Hegleg","0","","15.0","","1","49151_990.jpg"
"0952","1","1","Kharob tree","180","","20.0","","1",""
